Date,Home Team,Home Score,Away Team,Away Score
2016-11-01,Warsaw,47,Lincoln,63
2016-11-02,John F. Kennedy,48,Crossroads College Preparatory,21
2016-11-03,School of the Ozarks,45,Reeds Spring,66
2016-11-17,Oakville,48,Parkway South,64
2016-11-18,Kingsville,39,Appleton City,43
2016-11-18,Otterville,85,Bunceton,46
2016-11-18,Sturgeon,65,Community,50
2016-11-18,Lockwood,58,Dadeville,31
2016-11-18,Leopold,41,Delta,59
2016-11-18,Carnahan,74,Glendale,93
2016-11-18,School of the Ozarks,62,Humansville,42
2016-11-18,Tuscumbia,53,Iberia,76
2016-11-18,John F. Kennedy,35,Lutheran St. Charles,62
2016-11-18,Pilot Grove,62,Madison,65
2016-11-18,Archie,79,Montrose,62
2016-11-18,Weaubleau,76,Northeast Vernon County,16
2016-11-18,DeSoto,54,Northwest (Cedar Hill),49
2016-11-18,Macon,65,Putnam County,79
2016-11-18,Bradleyville,83,Seymour,98
2016-11-18,Northwest (Hughesville),60,Slater,82
2016-11-18,Dixon,45,St. James,74
2016-11-18,Soldan International Studies,70,St. Mary's South Side,84
2016-11-18,California,70,St. Paul Lutheran (Concordia),69
2016-11-18,Elsberry,53,Winfield,40
2016-11-18,Warrenton,60,Wright City,27
2016-11-19,Hickman,61,Jackson,63
2016-11-19,Salem,61,Marshfield,60
2016-11-19,Logan-Rogersville,56,Rolla,40
2016-11-21,Raytown South,53,Benton,61
2016-11-21,California,59,Boonville,64
2016-11-21,Marion County,59,Brashear,52
2016-11-21,Wheatland,72,Bronaugh,46
2016-11-21,La Monte,44,Calhoun,66
2016-11-21,South Iron,61,Clearwater,30
2016-11-21,Smithton,71,Concordia,56
2016-11-21,Gateway,76,Confluence Prep Academy Charter,71
2016-11-21,John F. Kennedy,46,Crystal City,41
2016-11-21,Lutie,29,Dora,55
2016-11-21,Linn,53,Eldon,35
2016-11-21,Thomas Jefferson Independent Day,57,Exeter,39
2016-11-21,West County,62,Fredericktown,35
2016-11-21,Everton,44,Greenfield,75
2016-11-21,Meadow Heights,64,Herculaneum,45
2016-11-21,Fayette,62,Higbee,53
2016-11-21,Niangua,61,Humansville,94
2016-11-21,Gateway Science Charter,57,John Burroughs,23
2016-11-21,McDonald County,49,Joplin,64
2016-11-21,Macon County,32,Keytesville,63
2016-11-21,Ritenour,61,Ladue Horton Watkins,88
2016-11-21,Ellington,71,Lesterville,32
2016-11-21,Grundy County with Newtown-Harris,38,Linn County,61
2016-11-21,Drexel,34,Lone Jack,39
2016-11-21,Pacific,44,McCluer North,52
2016-11-21,Hale with Bosworth,15,Mercer,85
2016-11-21,Knox County,49,Monroe City,78
2016-11-21,Atlanta,25,Northwestern (Mendon),65
2016-11-21,North County,46,Notre Dame (Cape Girardeau),54
2016-11-21,Putnam County,61,Novinger,70
2016-11-21,Polo,63,Orrick,45
2016-11-21,Sweet Springs,93,Otterville,85
2016-11-21,Cainsville with Ridgeway,39,Pattonsburg,52
2016-11-21,Lexington,46,Plattsburg,54
2016-11-21,Marshall,48,Smith-Cotton,75
2016-11-21,Jamestown,56,St. Elizabeth,55
2016-11-21,Braymer,46,Tina-Avalon,16
2016-11-21,Bishop LeBlond,61,West Platte,34
2016-11-21,Adrian,54,Windsor,40
2016-11-21,Barat Academy,59,Wright City,52
2016-11-22,Windsor,40,Archie,47
2016-11-22,Seymour,66,Ava,59
2016-11-22,Lift for Life Academy Charter,60,Bayless,13
2016-11-22,New Haven,54,Belle,46
2016-11-22,North Shelby,57,Bevier,32
2016-11-22,Chadwick,44,Billings,80
2016-11-22,Arcadia Valley,81,Bismarck,57
2016-11-22,New Covenant Academy,59,Blue Eye,82
2016-11-22,Hermann,58,Bourbon,43
2016-11-22,Hannibal,50,Bowling Green,40
2016-11-22,Golden City,37,Bronaugh,49
2016-11-22,Marceline,53,Brookfield,58
2016-11-22,Tuscumbia,69,Bunceton,30
2016-11-22,Pleasant Hill,79,Butler,43
2016-11-22,Niangua,45,Cabool,88
2016-11-22,Barstow,55,Center,78
2016-11-22,Northeast (Kansas City),62,Central (Kansas City),48
2016-11-22,Staley,40,Central (St. Joseph),58
2016-11-22,Meadow Heights,71,Chaffee,64
2016-11-22,Holden,66,Concordia,70
2016-11-22,Ash Grove,50,Crane,76
2016-11-22,Sacred Heart,86,Crest Ridge,55
2016-11-22,Wright City,54,Crystal City,32
2016-11-22,Houston,33,Cuba,31
2016-11-22,St. Joseph Christian,71,DeKalb,13
2016-11-22,Southwest (Washburn),35,Diamond,65
2016-11-22,Steelville,72,Dixon,51
2016-11-22,Clever,68,East Newton,41
2016-11-22,Sherwood,61,El Dorado Springs,49
2016-11-22,Fatima,73,Eldon,50
2016-11-22,Versailles,58,Eugene,86
2016-11-22,Richmond,43,Excelsior Springs,45
2016-11-22,Maysville,41,Fairfax,46
2016-11-22,Festus,34,Farmington,67
2016-11-22,New Franklin,37,Fayette,51
2016-11-22,Hurley,37,Fordland,66
2016-11-22,Fair Grove,69,Forsyth,64
2016-11-22,Seckman,57,Fox,68
2016-11-22,Clearwater,58,Fredericktown,49
2016-11-22,Ft. Zumwalt East,39,Ft. Zumwalt North,56
2016-11-22,Ft. Zumwalt West,66,Ft. Zumwalt South,58
2016-11-22,Mexico,48,Fulton,62
2016-11-22,Bakersfield,45,Gainesville,62
2016-11-22,Exeter,25,Galena,63
2016-11-22,Pattonsburg,29,Gallatin,48
2016-11-22,Osborn,20,Gilman City with North Daviess,57
2016-11-22,Slater,30,Glasgow,74
2016-11-22,Tri-County,19,Green City,77
2016-11-22,Purdy,47,Greenwood,76
2016-11-22,Bowling Green,40,Hannibal,50
2016-11-22,Brunswick,39,Hardin-Central,54
2016-11-22,Cleveland NJROTC,29,Hazelwood West,67
2016-11-22,Russellville,47,Hermitage,87
2016-11-22,Kirksville,40,Highland,24
2016-11-22,Rich Hill,47,Jasper,53
2016-11-22,Barat Academy,37,John F. Kennedy,42
2016-11-22,South Nodaway with Jefferson (Conception),51,King City,60
2016-11-22,Viburnum,48,Kingston,37
2016-11-22,Ballard,29,Kingsville,37
2016-11-22,Clinton,86,Knob Noster,70
2016-11-22,Canton,52,Knox County,72
2016-11-22,Montrose,61,Lakeland,70
2016-11-22,Climax Springs,31,Laquey,43
2016-11-22,University Academy Charter,76,Lathrop,78
2016-11-22,Stover,49,Leeton,58
2016-11-22,Timberland,61,Liberty (Wentzville),52
2016-11-22,Southeast,67,Lincoln College Prep,59
2016-11-22,North Platte,52,Lutheran (Kansas City),57
2016-11-22,Duchesne,61,Lutheran St. Charles,46
2016-11-22,Stoutland,69,Macks Creek,55
2016-11-22,Cameron,27,Macon,25
2016-11-22,Paris with Faith Walk,49,Mark Twain,64
2016-11-22,Liberal,44,McAuley Catholic,63
2016-11-22,Hume,15,Miami (Amoret),49
2016-11-22,Novinger,36,Milan,60
2016-11-22,Winfield,72,Montgomery County,83
2016-11-22,Stanberry,68,Mound City,59
2016-11-22,Springfield Catholic,52,Mountain Grove,69
2016-11-22,Logan-Rogersville,63,Mt. Vernon,47
2016-11-22,Aurora,53,Neosho,63
2016-11-22,St. Pius X (Kansas City),53,Nevada,60
2016-11-22,Calvary Lutheran,66,New Bloomfield,86
2016-11-22,Owensville,41,Newburg,74
2016-11-22,Breckenridge,37,Newtown-Harris,58
2016-11-22,Plattsburg,72,Nodaway-Holt,66
2016-11-22,Orrick,31,Norborne,51
2016-11-22,North Nodaway,57,North Harrison,26
2016-11-22,Madison,62,Northeast (Cairo),54
2016-11-22,Central (Kansas City),48,Northeast (Kansas City),62
2016-11-22,Albany,24,Northeast Nodaway,31
2016-11-22,Appleton City,74,Northeast Vernon County,19
2016-11-22,Grandview (Hillsboro),32,Northwest (Cedar Hill),56
2016-11-22,Plato,50,Norwood,43
2016-11-22,Frontier School of Excellence Charter,17,O'Hara,94
2016-11-22,Cole Camp,48,Osage,58
2016-11-22,East (Kansas City),40,Pembroke Hill,77
2016-11-22,Chillicothe,43,Penney,59
2016-11-22,Stockton,68,Pierce City,79
2016-11-22,Smithton,70,Pilot Grove,55
2016-11-22,Buffalo,60,Pleasant Hope,64
2016-11-22,Jennings,63,Poplar Bluff,85
2016-11-22,Northwest (Hughesville),43,Prairie Home,66
2016-11-22,Lutheran South,66,Principia,27
2016-11-22,Mansfield,69,Richland,53
2016-11-22,Wheaton,25,Sarcoxie,44
2016-11-22,South Shelby,49,Schuyler County,43
2016-11-22,Clark County,60,Scotland County,47
2016-11-22,Harrisburg,65,Southern Boone,68
2016-11-22,Fair Play,50,Sparta,63
2016-11-22,Hollister,53,Spokane,51
2016-11-22,St. Charles,58,St. Charles West,48
2016-11-22,Valley Park,63,St. Clair,68
2016-11-22,University City,35,St. Dominic,48
2016-11-22,Gateway Science Charter,52,St. Mary's South Side,55
2016-11-22,Cainsville with Ridgeway,45,Stewartsville with Osborn,57
2016-11-22,Maysville,41,Tarkio with Fairfax,46
2016-11-22,New Heights Christian,49,Thomas Jefferson Independent Day,59
2016-11-22,Chilhowee,56,Tipton,65
2016-11-22,East Buchanan,42,Trenton,52
2016-11-22,Marquette,64,Troy Buchanan,60
2016-11-22,North Kansas City,53,Truman,44
2016-11-22,Chamois,61,Vienna,69
2016-11-22,Verona,49,Walnut Grove,76
2016-11-22,Community,51,Wellsville-Middletown,71
2016-11-22,South Harrison,37,Winston,53
2016-11-22,Princeton,56,Worth County,75
2016-11-23,Riverview Gardens,47,Alton,68
2016-11-23,Ellington,74,Arcadia Valley,51
2016-11-23,Lesterville,54,Bismarck,80
2016-11-23,Barat Academy,42,Crystal City,35
2016-11-23,Laquey,40,Dixon,50
2016-11-23,St. Francis Borgia,63,Normandy Collaborative,52
2016-11-23,Cardinal Ritter,76,North Technical,65
2016-11-23,West County,60,South Iron,50
2016-11-23,Carnahan,43,St. Mary's South Side,70
2016-11-23,John F. Kennedy,34,Wright City,41
2016-11-24,South Iron,60,Arcadia Valley,63
2016-11-24,Clearwater,48,Bismarck,78
2016-11-24,West County,41,Ellington,38
2016-11-25,Clarkton,38,Alton,74
2016-11-25,Carnahan,40,Alton,64
2016-11-25,St. Francis Borgia,51,Cardinal Ritter,63
2016-11-25,Liberty (Mountain View),56,Doniphan,69
2016-11-25,Gideon,62,East Carter,47
2016-11-25,Winona,72,Neelyville,69
2016-11-25,North Technical,80,Normandy Collaborative,75
2016-11-25,Washington,33,Pacific,66
2016-11-25,Viburnum,47,Puxico,63
2016-11-25,St. Mary's South Side,105,Riverview Gardens,62
2016-11-25,Valley,72,Summersville,26
2016-11-25,Naylor,55,Van Buren,72
2016-11-26,St. Mary's South Side,60,Alton,59
2016-11-26,Winona,75,Aurora,73
2016-11-26,Eminence,56,Bloomfield,46
2016-11-26,Willard,74,Central (Springfield),69
2016-11-26,Laquey,40,Dixon,51
2016-11-26,Van Buren,46,Greenville,52
2016-11-26,Liberty (Mountain View),35,Hartville,69
2016-11-26,Lincoln College Prep,60,Hogan Prep Academy Charter,86
2016-11-26,Thayer,38,Jackson,55
2016-11-26,Risco,84,Marquand-Zion,32
2016-11-26,Cardinal Ritter,67,McCluer North,62
2016-11-26,Washington,71,Normandy Collaborative,43
2016-11-26,Pacific,69,North Technical,71
2016-11-26,Crocker,85,Richland,87
2016-11-26,Carnahan,53,Riverview Gardens,49
2016-11-26,Greenville,52,Van Buren,46
2016-11-27,North Kansas City,59,Smithville,44
2016-11-28,Chaffee,42,Advance,74
2016-11-28,Mehlville,58,Affton,59
2016-11-28,Osceola,46,Appleton City,60
2016-11-28,Rich Hill,46,Archie,54
2016-11-28,La Plata,66,Atlanta,27
2016-11-28,Conway,41,Aurora,47
2016-11-28,Willow Springs,74,Bakersfield,52
2016-11-28,Thayer,63,Bakersfield,31
2016-11-28,Lindbergh,77,Bayless,33
2016-11-28,Oran,75,Bell City,55
2016-11-28,Rolla,58,Belton,73
2016-11-28,John Burroughs,63,Bishop DuBourg,49
2016-11-28,Staley,74,Bishop LeBlond,31
2016-11-28,Mexico,50,Boonville,69
2016-11-28,Hardin-Central,49,Braymer,64
2016-11-28,Montrose,71,Calhoun,54
2016-11-28,Miller Career Academy,67,Carnahan,55
2016-11-28,Macks Creek,40,Chamois,71
2016-11-28,Lutheran St. Charles,52,Clayton,75
2016-11-28,McKinley Classical Leadership,52,Cleveland NJROTC,43
2016-11-28,Exeter,24,Crane,101
2016-11-28,Halfway,60,Dadeville,46
2016-11-28,West Nodaway with Nodaway-Holt,52,DeKalb,40
2016-11-28,Scott City,73,Delta,43
2016-11-28,Riverview Gardens,103,DeSoto,96
2016-11-28,Liberty (Mountain View),68,Dora,41
2016-11-28,Ellington,64,East Carter,35
2016-11-28,SLUH,61,Eureka,42
2016-11-28,Humansville,23,Fair Play,54
2016-11-28,Hazelwood Central,71,Farmington,64
2016-11-28,Ste. Genevieve,52,Fox,55
2016-11-28,Francis Howell,71,Ft. Zumwalt South,58
2016-11-28,Winston,72,Gilman City with North Daviess,26
2016-11-28,Madison,44,Glasgow,73
2016-11-28,Milan,69,Green City,78
2016-11-28,Chadwick,34,Greenfield,75
2016-11-28,Windsor (Imperial),50,Hancock,52
2016-11-28,Rock Bridge,76,Hannibal,37
2016-11-28,Brookfield,73,Harrisburg,91
2016-11-28,East (Kansas City),50,Harrisonville,42
2016-11-28,Senath-Hornersville,24,Hayti,70
2016-11-28,Whitfield,49,Hazelwood East,39
2016-11-28,Skyline,45,Hermitage,88
2016-11-28,Westminster Christian Academy,46,Hickman,54
2016-11-28,Risco,83,Holcomb,57
2016-11-28,Reeds Spring,47,Hollister,55
2016-11-28,Troy Buchanan,60,Holt,42
2016-11-28,Princeton,51,Jefferson (Conception),55
2016-11-28,McCluer,58,Jennings,61
2016-11-28,Principia,45,John F. Kennedy,41
2016-11-28,Seneca,40,Joplin,64
2016-11-28,Scott County Central,73,Kelly,30
2016-11-28,Linn County,71,Keytesville,47
2016-11-28,South Harrison,57,King City,67
2016-11-28,Greenville,62,Kingston,41
2016-11-28,Vianney,67,Ladue Horton Watkins,61
2016-11-28,Lafayette County,68,Lathrop,58
2016-11-28,Green Ridge,46,Leeton,39
2016-11-28,Woodland,84,Leopold,27
2016-11-28,Meadville,63,Macon County,17
2016-11-28,Richland (Essex),20,Malden,83
2016-11-28,Trinity Catholic,69,Maplewood-Richmond Hts.,75
2016-11-28,Northeast (Cairo),55,Marceline,79
2016-11-28,McAuley Catholic,67,Marion C. Early,61
2016-11-28,Strafford,55,Marshfield,53
2016-11-28,Savannah,27,Maryville,44
2016-11-28,Nevada,44,McDonald County,40
2016-11-28,Collegiate School of Med-Bio Science with Central Visual and Performing Arts,37,Metro,53
2016-11-28,Rock Port,46,Mound City,61
2016-11-28,Tipton,17,New Bloomfield,85
2016-11-28,Tarkio with Fairfax,57,North Nodaway,46
2016-11-28,St. Joseph Christian,76,Northeast Nodaway,39
2016-11-28,Republic,56,Oak Park,50
2016-11-28,Perryville,85,Oak Ridge,49
2016-11-28,Benton,56,Odessa,48
2016-11-28,Gateway Science Charter,44,Orchard Farm,70
2016-11-28,Stewartsville with Osborn,59,Osborn,19
2016-11-28,Tuscumbia,49,Owensville,36
2016-11-28,Parkway South,66,Parkway Central,44
2016-11-28,Parkway West,55,Parkway North,39
2016-11-28,University City,57,Pattonville,83
2016-11-28,Verona,65,Pierce City,76
2016-11-28,St. James,85,Potosi,61
2016-11-28,Clever,89,Purdy,42
2016-11-28,Central (Cape Girardeau),57,Rockwood Summit,29
2016-11-28,Steelville,55,Salem,71
2016-11-28,Clark County,71,Schuyler County,40
2016-11-28,St. Pius X (Festus),60,Seckman,76
2016-11-28,Union Star,31,South Nodaway with Jefferson (Conception),79
2016-11-28,North Pemiscot,105,Southland,30
2016-11-28,Spokane,39,Southwest (Washburn),50
2016-11-28,Lutheran South,71,St. Charles,78
2016-11-28,Vienna,51,St. Clair,63
2016-11-28,Lexington,45,St. Paul Lutheran (Concordia),53
2016-11-28,Bourbon,40,Sullivan,77
2016-11-28,Campbell,66,Twin Rivers,72
2016-11-28,O'Hara,82,University Academy Charter,65
2016-11-28,School of the Ozarks,61,West Plains,68
2016-11-29,Midway,36,Adrian,64
2016-11-29,Stanberry,67,Albany,23
2016-11-29,Couch,55,Alton,70
2016-11-29,Fair Grove,86,Ash Grove,44
2016-11-29,Springfield Catholic,62,Aurora,29
2016-11-29,Conway,41,Aurora,47
2016-11-29,Gainesville,55,Ava,56
2016-11-29,Thayer,63,Bakersfield,31
2016-11-29,Hume,8,Ballard,51
2016-11-29,St. Pius X (Kansas City),48,Barstow,69
2016-11-29,Oran,75,Bell City,55
2016-11-29,Diamond,66,Billings,54
2016-11-29,Marquand-Zion,31,Bismarck,92
2016-11-29,Versailles,69,Blair Oaks,89
2016-11-29,South Pemiscot,34,Bloomfield,66
2016-11-29,Clopton,48,Bowling Green,35
2016-11-29,Novinger,74,Brashear,31
2016-11-29,Carrollton,63,Brookfield,33
2016-11-29,Higbee,55,Brunswick,30
2016-11-29,Cassville,56,Buffalo,35
2016-11-29,El Dorado Springs,50,Butler,67
2016-11-29,Smith-Cotton,74,Camdenton,44
2016-11-29,Holcomb,50,Campbell,84
2016-11-29,Monroe City,53,Canton,50
2016-11-29,Delta (Deering),19,Caruthersville,73
2016-11-29,East Prairie,76,Central (New Madrid County),85
2016-11-29,North Callaway,39,Centralia,51
2016-11-29,Bishop LeBlond,42,Chillicothe,49
2016-11-29,East Carter,50,Clearwater,61
2016-11-29,Stover,46,Climax Springs,61
2016-11-29,Kingsville,46,Crest Ridge,51
2016-11-29,Fatima,72,Cuba,39
2016-11-29,Halfway,58,Dadeville,46
2016-11-29,Union Star,49,DeKalb,30
2016-11-29,Charleston,60,Dexter,56
2016-11-29,Licking,59,Dixon,21
2016-11-29,Clarkton,43,Doniphan,74
2016-11-29,Lakeland,53,Drexel,62
2016-11-29,Cameron,47,East Buchanan,41
2016-11-29,Marshfield,56,East Newton,23
2016-11-29,Skyline,76,Eldon,68
2016-11-29,Veritas Christian Academy,42,Elsberry,36
2016-11-29,St. Elizabeth,34,Eugene,68
2016-11-29,Ladue Horton Watkins,77,Eureka,79
2016-11-29,Wheatland,81,Everton,48
2016-11-29,Humansville,23,Fair Play,54
2016-11-29,Marshall,68,Ft. Zumwalt North,89
2016-11-29,Wellsville-Middletown,60,Fulton,82
2016-11-29,Maysville,39,Gallatin,49
2016-11-29,Sacred Heart,48,Grain Valley,55
2016-11-29,Bunker,53,Grandview (Hillsboro),44
2016-11-29,Sweet Springs,83,Green Ridge,79
2016-11-29,Bevier,53,Grundy County with Newtown-Harris,38
2016-11-29,Cristo Rey,60,Guadalupe Centers Charter,36
2016-11-29,Northwestern (Mendon),71,Hale with Bosworth,41
2016-11-29,Rock Bridge,76,Hannibal,37
2016-11-29,Sparta,20,Hartville,51
2016-11-29,Jefferson (Festus),52,Herculaneum,49
2016-11-29,New Haven,33,Hermann,38
2016-11-29,Northwest (Cedar Hill),34,Hillsboro,71
2016-11-29,Stoutland,38,Iberia,68
2016-11-29,Tipton,60,Jamestown,79
2016-11-29,Kirksville,52,Jefferson City,60
2016-11-29,Chaffee,58,Kelly,46
2016-11-29,Greenville,62,Kingston,41
2016-11-29,Cole Camp,51,Knob Noster,36
2016-11-29,Putnam County,48,Knox County,76
2016-11-29,Oak Ridge,58,Leopold,28
2016-11-29,Valley,54,Lesterville,39
2016-11-29,Ft. Zumwalt West,49,Liberty (Wentzville),55
2016-11-29,Warsaw,47,Lincoln,63
2016-11-29,Houston,22,Mansfield,81
2016-11-29,Miller,23,Marionville,55
2016-11-29,Palmyra,44,Mark Twain,45
2016-11-29,Zalma,62,Meadow Heights,80
2016-11-29,Vashon,85,Metro,23
2016-11-29,Chilhowee,39,Miami (Amoret),22
2016-11-29,Southern Boone,65,Moberly,55
2016-11-29,Neosho,61,Monett,39
2016-11-29,Silex,43,Montgomery County,78
2016-11-29,Sheldon,36,Montrose,56
2016-11-29,Puxico,70,Neelyville,64
2016-11-29,Plato,38,Newburg,56
2016-11-29,Scotland County,70,Newtown-Harris,21
2016-11-29,Rock Port,44,Nodaway-Holt,67
2016-11-29,Marion County,35,North Shelby,64
2016-11-29,Osborn,35,Northeast Nodaway,62
2016-11-29,Concordia,51,Northwest (Hughesville),52
2016-11-29,Hurley,59,Norwood,37
2016-11-29,West Platte,60,Orrick,48
2016-11-29,Calvary Lutheran,50,Osage,73
2016-11-29,Tuscumbia,49,Owensville,36
2016-11-29,Festus,34,Pacific,56
2016-11-29,South Shelby,43,Paris with Faith Walk,63
2016-11-29,Worth County,63,Pattonsburg,36
2016-11-29,Savannah,34,Platte County,53
2016-11-29,Bourbon,57,Potosi,89
2016-11-29,Community,59,Prairie Home,57
2016-11-29,Confluence Prep Academy Charter,50,Priory,62
2016-11-29,Pleasant Hill,38,Raymore-Peculiar,50
2016-11-29,Oak Grove,65,Richmond,37
2016-11-29,Lee's Summit North,74,Rockhurst,79
2016-11-29,Cleveland NJROTC,57,Roosevelt,56
2016-11-29,Raytown,64,Ruskin,54
2016-11-29,Smithton,71,Russellville,61
2016-11-29,Macon,39,Salisbury,55
2016-11-29,Tina-Avalon,23,Santa Fe,72
2016-11-29,Greenwood,56,Sarcoxie,44
2016-11-29,Gideon,55,Senath-Hornersville,50
2016-11-29,Holden,45,Sherwood,64
2016-11-29,Fayette,65,Slater,51
2016-11-29,North Kansas City,59,Smithville,44
2016-11-29,Collegiate School of Med-Bio Science with Central Visual and Performing Arts,20,Soldan International Studies,89
2016-11-29,Van-Far,71,South Callaway,66
2016-11-29,Northland Christian,38,South Holt,72
2016-11-29,Mid-Buchanan,79,Southwest (Livingston County) with Breckenridge,24
2016-11-29,Spokane,39,Southwest (Washburn),50
2016-11-29,St. Mary's South Side,70,St. Dominic,43
2016-11-29,St. Paul Lutheran (Farmington),19,St. Vincent,69
2016-11-29,Vienna,49,Steelville,72
2016-11-29,St. Joseph Christian,38,Stewartsville with Osborn,31
2016-11-29,Hallsville,79,Sturgeon,56
2016-11-29,Bronaugh,43,Thomas Jefferson Independent Day,51
2016-11-29,Polo,35,Trenton,56
2016-11-29,Breckenridge,49,Tri-County,58
2016-11-29,Washington,41,Union,36
2016-11-29,Crossroads College Preparatory,12,Valley Park,79
2016-11-29,Metro,21,Vashon,86
2016-11-29,Lawson,82,Wellington-Napoleon,76
2016-11-29,La Monte,45,Wentworth Military Academy,34
2016-11-29,New Franklin,49,Westran,40
2016-11-29,Central (St. Joseph),52,William Chrisman,43
2016-11-29,Ft. Zumwalt East,50,Winfield,42
2016-11-29,Barat Academy,52,Wright City,41
2016-11-30,Lindbergh,68,Affton,59
2016-11-30,South Harrison,64,Albany,29
2016-11-30,Milan,60,Atlanta,32
2016-11-30,Mehlville,66,Bayless,17
2016-11-30,Orchard Farm,67,Brentwood,38
2016-11-30,Bucklin with Macon County,49,Brunswick,60
2016-11-30,Macon County,49,Brunswick,60
2016-11-30,Central (Kansas City),25,Center,78
2016-11-30,St. Charles,56,Clayton,38
2016-11-30,Metro,50,Cleveland NJROTC,63
2016-11-30,McKinley Classical Leadership,57,Collegiate School of Med-Bio Science with Central Visual and Performing Arts,25
2016-11-30,Lathrop,55,Cristo Rey,41
2016-11-30,John F. Kennedy,50,Crossroads College Preparatory,21
2016-11-30,St. Vincent,68,Crystal City,32
2016-11-30,Normandy Collaborative,54,Duchesne,68
2016-11-30,Hickman,46,Francis Howell,66
2016-11-30,Westminster Christian Academy,72,Ft. Zumwalt South,78
2016-11-30,Maysville,68,Gilman City with North Daviess,46
2016-11-30,Marceline,35,Glasgow,68
2016-11-30,Kingston,71,Grandview (Hillsboro),63
2016-11-30,La Plata,47,Green City,38
2016-11-30,Keytesville,65,Hale with Bosworth,58
2016-11-30,John Burroughs,71,Hancock,60
2016-11-30,Holt,64,Hannibal,55
2016-11-30,Polo,54,Hardin-Central,51
2016-11-30,Lutheran (Kansas City),46,Harrisonville,72
2016-11-30,Trinity Catholic,73,Hazelwood East,64
2016-11-30,University City,42,Hazelwood East,45
2016-11-30,Pattonville,51,Jennings,60
2016-11-30,Osceola,52,Lakeland,56
2016-11-30,Marquand-Zion,39,Lesterville,70
2016-11-30,Lutheran South,77,Lutheran St. Charles,47
2016-11-30,Northeast (Cairo),59,Madison,56
2016-11-30,Whitfield,58,Maplewood-Richmond Hts.,49
2016-11-30,University City,41,McCluer,68
2016-11-30,Collegiate School of Med-Bio Science with Central Visual and Performing Arts,25,McKinley Classical Leadership,57
2016-11-30,Rich Hill,58,Midway,23
2016-11-30,Lift for Life Academy Charter,56,Miller Career Academy,86
2016-11-30,Nodaway-Holt,52,Mound City,50
2016-11-30,Summit Christian Academy,89,O'Hara,78
2016-11-30,Parkway West,55,Parkway Central,52
2016-11-30,Parkway South,63,Parkway North,46
2016-11-30,Princeton,41,Pattonsburg,45
2016-11-30,Jennings,60,Pattonville,51
2016-11-30,Tipton,58,Russellville,72
2016-11-30,Jefferson (Festus),48,Saxony Lutheran,84
2016-11-30,Vianney,63,SLUH,58
2016-11-30,Tarkio with Fairfax,73,South Holt,63
2016-11-30,West Nodaway with Nodaway-Holt,34,South Nodaway with Jefferson (Conception),48
2016-11-30,St. Joseph Christian,38,Stewartsville with Osborn,31
2016-11-30,The Fulton School,39,Thomas Jefferson Independent Day,46
2016-11-30,Rock Bridge,81,Troy Buchanan,51
2016-11-30,Principia,50,Valley Park,53
2016-11-30,Warrensburg,75,Van Horn,66
2016-11-30,Bishop DuBourg,58,Windsor (Imperial),45
2016-12-01,Archie,40,Adrian,46
2016-12-01,Scott County Central,91,Advance,75
2016-12-01,Liberty (Mountain View),56,Alton,16
2016-12-01,Drexel,38,Appleton City,60
2016-12-01,Sparta,53,Ash Grove,55
2016-12-01,Windsor (Imperial),86,Bayless,37
2016-12-01,Richland (Essex),28,Bell City,64
2016-12-01,Puxico,68,Bernie,72
2016-12-01,Centralia,28,Boonville,75
2016-12-01,Vienna,54,Bourbon,56
2016-12-01,Silex,27,Bowling Green,48
2016-12-01,Newtown-Harris,40,Brashear,53
2016-12-01,Orchard Farm,67,Brentwood,38
2016-12-01,Skyline,51,Butler,58
2016-12-01,Northeast Vernon County,40,Calhoun,70
2016-12-01,Doniphan,53,Caruthersville,79
2016-12-01,Marionville,54,Cassville,42
2016-12-01,New Bloomfield,75,Chamois,66
2016-12-01,Stover,88,Chilhowee,84
2016-12-01,Staley,53,Chillicothe,34
2016-12-01,Delta (Deering),52,Clarkton,67
2016-12-01,Montgomery County,75,Clopton,71
2016-12-01,Lincoln,65,Cole Camp,53
2016-12-01,Springfield Catholic,57,Conway,45
2016-12-01,Pierce City,56,Crane,71
2016-12-01,Holden,54,Crest Ridge,71
2016-12-01,Skyline,52,Dadeville,62
2016-12-01,Osborn,30,DeKalb,42
2016-12-01,Zalma,58,Delta,66
2016-12-01,Greenwood,72,Diamond,51
2016-12-01,Strafford,58,East Newton,43
2016-12-01,Eldon,58,El Dorado Springs,60
2016-12-01,Tuscumbia,59,Eugene,62
2016-12-01,Wheatland,53,Fair Play,49
2016-12-01,New Franklin,45,Fayette,56
2016-12-01,New Covenant Academy,44,Fordland,81
2016-12-01,Hermann,53,Fulton,47
2016-12-01,Winston,57,Gallatin,32
2016-12-01,Sumner,55,Gateway,69
2016-12-01,Southwest (Washburn),42,Greenfield,62
2016-12-01,Hermitage,71,Halfway,32
2016-12-01,Meadville,60,Higbee,38
2016-12-01,Raytown,69,Hillcrest,47
2016-12-01,Neelyville,61,Holcomb,69
2016-12-01,Newburg,75,Iberia,65
2016-12-01,Smithton,62,Jamestown,59
2016-12-01,Stockton,54,Jasper,40
2016-12-01,Worth County,52,Jefferson (Conception),50
2016-12-01,Stanberry,55,King City,46
2016-12-01,Warsaw,29,Knob Noster,53
2016-12-01,Gainesville,47,Koshkonong,45
2016-12-01,Nixa,95,Lafayette (St. Joseph),63
2016-12-01,Central (Springfield),63,Lafayette (Wildwood),68
2016-12-01,Lawson,53,Lafayette County,59
2016-12-01,Osceola,52,Lakeland,56
2016-12-01,Golden City,34,Lamar,71
2016-12-01,Northwestern (Mendon),75,Linn County,64
2016-12-01,New Heights Christian,49,Lockwood,68
2016-12-01,Galena,63,Lutie,59
2016-12-01,Moberly,47,Macon,43
2016-12-01,Oran,48,Malden,64
2016-12-01,Bevier,63,Marion County,42
2016-12-01,Platte County,53,Maryville,64
2016-12-01,Scott City,77,Meadow Heights,69
2016-12-01,Bishop DuBourg,28,Mehlville,60
2016-12-01,Hogan Prep Academy Charter,80,Mid-Buchanan,47
2016-12-01,Seneca,47,Monett,41
2016-12-01,Breckenridge,27,Norborne,53
2016-12-01,Northland Christian,52,North Nodaway,58
2016-12-01,Naylor,63,North Pemiscot,60
2016-12-01,Wentworth Military Academy,19,North Platte,70
2016-12-01,Union Star,50,Northeast Nodaway,66
2016-12-01,Sweet Springs,74,Northwest (Hughesville),43
2016-12-01,Scotland County,76,Novinger,69
2016-12-01,East Buchanan,77,Orrick,22
2016-12-01,Blair Oaks,74,Osage,50
2016-12-01,Prairie Home,87,Otterville,72
2016-12-01,St. Elizabeth,63,Owensville,68
2016-12-01,De Smet Jesuit,65,Parkview,62
2016-12-01,Mercer,50,Penney,61
2016-12-01,Woodland,57,Perryville,52
2016-12-01,Laquey,27,Plato,62
2016-12-01,Weaubleau,64,Pleasant Hope,60
2016-12-01,Marion C. Early,58,Purdy,75
2016-12-01,Schuyler County,66,Putnam County,72
2016-12-01,School of the Ozarks,45,Reeds Spring,66
2016-12-01,Licking,55,Richland,36
2016-12-01,Hume,30,Sheldon,44
2016-12-01,Westran,52,Slater,67
2016-12-01,Cooter,51,Southland,5
2016-12-01,Salem,53,St. Clair,40
2016-12-01,Sullivan,59,St. James,42
2016-12-01,Green Ridge,37,St. Paul Lutheran (Concordia),61
2016-12-01,Gateway,69,Sumner,55
2016-12-01,Willow Springs,24,Thayer,65
2016-12-01,Wheaton,48,Thomas Jefferson Independent Day,52
2016-12-01,Veritas Christian Academy,30,Timberland,50
2016-12-01,Carrollton,52,Tina-Avalon,31
2016-12-01,Braymer,47,Trenton,65
2016-12-01,Risco,64,Twin Rivers,54
2016-12-01,Bolivar,68,Union,33
2016-12-01,Principia,50,Valley Park,53
2016-12-01,Louisiana,50,Van-Far,49
2016-12-01,Ft. Zumwalt East,56,Warrenton,58
2016-12-01,New Haven,49,Wellsville-Middletown,52
2016-12-01,North Andrew,61,West Platte,35
2016-12-01,Sherwood,61,Windsor,46
2016-12-01,Benton,51,Winnetonka,54
2016-12-01,East Carter,48,Winona,79
2016-12-02,Oran,48,Advance,62
2016-12-02,Hancock,62,Affton,54
2016-12-02,Clearwater,42,Arcadia Valley,77
2016-12-02,Drexel,43,Archie,53
2016-12-02,Marshfield,40,Aurora,42
2016-12-02,Mansfield,61,Ava,37
2016-12-02,Windsor (Imperial),86,Bayless,34
2016-12-02,Chaffee,43,Bell City,61
2016-12-02,Republic,61,Belton,49
2016-12-02,Risco,63,Bernie,44
2016-12-02,Sarcoxie,65,Billings,59
2016-12-02,Valley,51,Bismarck,58
2016-12-02,Branson,47,Bolivar,63
2016-12-02,Wellsville-Middletown,60,Bowling Green,50
2016-12-02,Milan,76,Brashear,31
2016-12-02,Principia,43,Brentwood,49
2016-12-02,Keytesville,51,Brunswick,37
2016-12-02,Miller,56,Buffalo,67
2016-12-02,Greenville,44,Bunker,47
2016-12-02,Marshall,71,Camdenton,73
2016-12-02,Neelyville,44,Campbell,48
2016-12-02,Palmyra,51,Canton,69
2016-12-02,Nevada,57,Carthage,55
2016-12-02,Hayti,51,Caruthersville,56
2016-12-02,Warrensburg,42,Center,66
2016-12-02,Van Horn,59,Central (Kansas City),62
2016-12-02,South Pemiscot,50,Central (New Madrid County),65
2016-12-02,Spokane,72,Chadwick,37
2016-12-02,Notre Dame (Cape Girardeau),53,Charleston,70
2016-12-02,Putnam County,71,Clark County,87
2016-12-02,Gideon,69,Clarkton,61
2016-12-02,Lutheran South,78,Clayton,82
2016-12-02,Collegiate School of Med-Bio Science with Central Visual and Performing Arts,26,Cleveland NJROTC,56
2016-12-02,McAuley Catholic,53,Clever,60
2016-12-02,Pleasant Hill,66,Clinton,78
2016-12-02,Carrollton,49,Concordia,58
2016-12-02,Jefferson (Festus),42,Crystal City,47
2016-12-02,Oak Ridge,50,Delta,35
2016-12-02,Rockwood Summit,56,DeSoto,33
2016-12-02,Crocker,58,Dixon,56
2016-12-02,Couch,44,Dora,55
2016-12-02,Normandy Collaborative,54,Duchesne,68
2016-12-02,Lincoln College Prep,64,East (Kansas City),41
2016-12-02,Conway,52,East Newton,28
2016-12-02,Farmington,57,Eureka,53
2016-12-02,Humansville,49,Everton,55
2016-12-02,Verona,58,Exeter,24
2016-12-02,Hartville,69,Fair Grove,64
2016-12-02,Central (Park Hills),66,Festus,48
2016-12-02,Walnut Grove,81,Forsyth,70
2016-12-02,Seckman,42,Fox,60
2016-12-02,Rock Bridge,67,Francis Howell,52
2016-12-02,Liberty (Wentzville),60,Francis Howell Central,52
2016-12-02,Smith-Cotton,49,Ft. Zumwalt North,65
2016-12-02,Holt,51,Ft. Zumwalt South,67
2016-12-02,New Covenant Academy,86,Galena,76
2016-12-02,Hardin-Central,74,Gilman City with North Daviess,41
2016-12-02,Jasper,58,Golden City,37
2016-12-02,North Harrison,51,Grundy County with Newtown-Harris,29
2016-12-02,North Callaway,26,Hallsville,67
2016-12-02,Westminster Christian Academy,64,Hannibal,55
2016-12-02,University Academy Charter,56,Harrisonville,65
2016-12-02,SLUH,60,Hazelwood Central,49
2016-12-02,University City,42,Hazelwood East,45
2016-12-02,St. Dominic,32,Helias Catholic,64
2016-12-02,Troy Buchanan,64,Hickman,48
2016-12-02,Lafayette (St. Joseph),90,Hillcrest,96
2016-12-02,West Plains,63,Hollister,53
2016-12-02,Seymour,53,Houston,48
2016-12-02,Worth County,52,Jefferson (Conception),50
2016-12-02,Grain Valley,33,Jefferson City,57
2016-12-02,Whitfield,46,Jennings,63
2016-12-02,Gateway Science Charter,38,John F. Kennedy,58
2016-12-02,Neosho,56,Joplin,55
2016-12-02,Lesterville,58,Kingston,51
2016-12-02,Sacred Heart,63,Kirksville,58
2016-12-02,De Smet Jesuit,69,Lafayette (Wildwood),66
2016-12-02,Rich Hill,63,Lakeland,67
2016-12-02,Stockton,49,Lamar,66
2016-12-02,Fort Osage,49,Liberty,57
2016-12-02,East (Kansas City),44,Lincoln College Prep,64
2016-12-02,John Burroughs,37,Lindbergh,58
2016-12-02,Southern Boone,63,Linn,41
2016-12-02,Weaubleau,37,Lockwood,55
2016-12-02,Ozark,63,Logan-Rogersville,59
2016-12-02,Frontier School of Excellence Charter,32,Lutheran (Kansas City),76
2016-12-02,Fordland,86,Lutie,59
2016-12-02,Russellville,58,Macks Creek,65
2016-12-02,Scott County Central,57,Malden,33
2016-12-02,Pattonville,68,Maplewood-Richmond Hts.,41
2016-12-02,New Franklin,43,Marceline,48
2016-12-02,Mark Twain,74,Marion County,17
2016-12-02,Polo,47,Maysville,46
2016-12-02,Trinity Catholic,79,McCluer,68
2016-12-02,Perryville,83,Meadow Heights,79
2016-12-02,Bishop DuBourg,28,Mehlville,60
2016-12-02,McKinley Classical Leadership,62,Metro,26
2016-12-02,Kingsville,39,Miami (Amoret),47
2016-12-02,St. Francis Borgia,66,MICDS,75
2016-12-02,South Holt,55,Mound City,53
2016-12-02,Silex,35,New Haven,46
2016-12-02,Bunceton,47,Norborne,44
2016-12-02,Park Hill,59,North Kansas City,53
2016-12-02,South Shelby,59,North Shelby,43
2016-12-02,Cardinal Ritter,69,North Technical,64
2016-12-02,Ballard,57,Northeast Vernon County,37
2016-12-02,Rolla,44,Oak Park,58
2016-12-02,Wellington-Napoleon,53,Odessa,42
2016-12-02,Valley Park,60,Orchard Farm,80
2016-12-02,St. Elizabeth,63,Owensville,68
2016-12-02,Monroe City,58,Paris with Faith Walk,42
2016-12-02,William Chrisman,53,Park Hill South,67
2016-12-02,Central (Springfield),68,Parkview,85
2016-12-02,Parkway North,37,Parkway Central,48
2016-12-02,Parkway West,55,Parkway South,51
2016-12-02,South Harrison,44,Pattonsburg,33
2016-12-02,Sturgeon,80,Pilot Grove,71
2016-12-02,Stoutland,50,Plato,54
2016-12-02,New Heights Christian,52,Pleasant Hope,55
2016-12-02,Battle,62,Poplar Bluff,67
2016-12-02,East Prairie,55,Portageville,66
2016-12-02,Steelville,56,Potosi,71
2016-12-02,Barat Academy,38,Priory,61
2016-12-02,Ruskin,60,Raymore-Peculiar,51
2016-12-02,Nixa,76,Raytown,55
2016-12-02,Central (St. Joseph),81,Raytown South,68
2016-12-02,Cameron,44,Richmond,46
2016-12-02,Central (Cape Girardeau),90,Riverview Gardens,35
2016-12-02,Liberty North,63,Rockhurst,48
2016-12-02,Sullivan,47,Salem,41
2016-12-02,Brookfield,36,Salisbury,66
2016-12-02,Bishop LeBlond,36,Savannah,61
2016-12-02,Woodland,62,Scott City,42
2016-12-02,Delta (Deering),46,Senath-Hornersville,54
2016-12-02,Dexter,46,Sikeston,84
2016-12-02,Northeast (Cairo),60,Slater,49
2016-12-02,Hazelwood West,52,Soldan International Studies,57
2016-12-02,St. Joseph Christian,49,South Nodaway with Jefferson (Conception),36
2016-12-02,Lutheran St. Charles,56,St. Charles,70
2016-12-02,St. James,54,St. Clair,52
2016-12-02,Excelsior Springs,40,St. Pius X (Kansas City),62
2016-12-02,Saxony Lutheran,82,St. Vincent,49
2016-12-02,St. Pius X (Festus),32,Ste. Genevieve,56
2016-12-02,West Nodaway with Nodaway-Holt,42,Stewartsville with Osborn,53
2016-12-02,Springfield Catholic,47,Strafford,43
2016-12-02,Leeton,51,Sweet Springs,62
2016-12-02,Tipton,24,Tipton,71
2016-12-02,Grandview,66,Truman,58
2016-12-02,Puxico,43,Twin Rivers,80
2016-12-02,Calvary Lutheran,49,Versailles,78
2016-12-02,South Iron,58,Viburnum,36
2016-12-02,Lebanon,51,Waynesville,57
2016-12-02,Hillsboro,81,West County,54
2016-12-02,Pembroke Hill,63,Winnetonka,59
2016-12-03,Appleton City,45,Adrian,44
2016-12-03,Willow Springs,79,Alton,48
2016-12-03,Purdy,78,Ash Grove,64
2016-12-03,Dora,48,Bakersfield,51
2016-12-03,Logan-Rogersville,51,Belton,68
2016-12-03,Exeter,26,Billings,71
2016-12-03,Bunker,39,Bismarck,58
2016-12-03,Eugene,55,Blair Oaks,70
2016-12-03,Gallatin,45,Braymer,50
2016-12-03,Spokane,53,Buffalo,33
2016-12-03,Lincoln,78,Butler,59
2016-12-03,Sacred Heart,77,Camdenton,57
2016-12-03,Collegiate School of Med-Bio Science with Central Visual and Performing Arts,18,Carnahan,68
2016-12-03,Joplin,47,Carthage,41
2016-12-03,Southwest (Washburn),48,Cassville,54
2016-12-03,Pembroke Hill,60,Center,74
2016-12-03,Hogan Prep Academy Charter,74,Central (St. Joseph),76
2016-12-03,Miller,62,Chadwick,55
2016-12-03,Jamestown,51,Chamois,44
2016-12-03,Harrisburg,80,Chilhowee,58
2016-12-03,Platte County,55,Chillicothe,60
2016-12-03,Hartville,61,Clever,55
2016-12-03,Skyline,54,Cole Camp,45
2016-12-03,Greenwood,50,Crane,55
2016-12-03,Plato,61,Crocker,64
2016-12-03,Everton,65,Dadeville,70
2016-12-03,St. Pius X (Festus),54,DeSoto,77
2016-12-03,Pierce City,63,Diamond,53
2016-12-03,Lathrop,49,East Buchanan,50
2016-12-03,McAuley Catholic,42,Fair Grove,70
2016-12-03,Halfway,55,Fair Play,62
2016-12-03,Poplar Bluff,71,Father Tolton,59
2016-12-03,Glasgow,58,Fayette,56
2016-12-03,Galena,35,Fordland,52
2016-12-03,Hollister,57,Forsyth,67
2016-12-03,Central (Cape Girardeau),68,Fox,29
2016-12-03,Veritas Christian Academy,43,Ft. Zumwalt East,31
2016-12-03,Jefferson City,49,Ft. Zumwalt North,48
2016-12-03,Clopton,42,Fulton,52
2016-12-03,New Heights Christian,48,Golden City,42
2016-12-03,Novinger,63,Green City,46
2016-12-03,Marionville,58,Greenfield,49
2016-12-03,Valley,53,Greenville,69
2016-12-03,Montgomery County,68,Hermann,74
2016-12-03,Wheatland,61,Hermitage,67
2016-12-03,Liberty North,65,Hickman,54
2016-12-03,Linn County,80,Higbee,50
2016-12-03,Parkview,71,Hillcrest,62
2016-12-03,Central (St. Joseph),76,Hogan Prep Academy Charter,74
2016-12-03,Pleasant Hope,37,Jasper,46
2016-12-03,King City,51,Jefferson (Conception),63
2016-12-03,Marshall,57,Kirksville,70
2016-12-03,El Dorado Springs,44,Knob Noster,55
2016-12-03,Scotland County,68,La Plata,52
2016-12-03,Central (Springfield),80,Lafayette (St. Joseph),85
2016-12-03,Raytown,53,Lafayette (Wildwood),47
2016-12-03,Lockwood,43,Lamar,61
2016-12-03,North Platte,32,Lawson,61
2016-12-03,Park Hill South,78,Lee's Summit,64
2016-12-03,Thayer,64,Liberty (Mountain View),57
2016-12-03,Newburg,36,Licking,53
2016-12-03,New Covenant Academy,85,Lutie,48
2016-12-03,Sparta,57,Marion C. Early,63
2016-12-03,Staley,51,Maryville,48
2016-12-03,Monett,53,McDonald County,43
2016-12-03,Northwestern (Mendon),63,Meadville,80
2016-12-03,Plattsburg,46,Mid-Buchanan,53
2016-12-03,Neosho,50,Nevada,51
2016-12-03,Smithton,72,New Bloomfield,73
2016-12-03,De Smet Jesuit,75,Nixa,79
2016-12-03,Tarkio with Fairfax,71,Nodaway-Holt,64
2016-12-03,Rock Port,30,North Nodaway,39
2016-12-03,California,45,Oak Grove,62
2016-12-03,Tuscumbia,38,Osage,70
2016-12-03,Versailles,57,Owensville,56
2016-12-03,Republic,56,Ozark,45
2016-12-03,West Platte,23,Penney,71
2016-12-03,Iberia,69,Richland,68
2016-12-03,Ste. Genevieve,36,Rockwood Summit,42
2016-12-03,Verona,45,Sarcoxie,39
2016-12-03,Bishop LeBlond,36,Savannah,61
2016-12-03,Riverview Gardens,65,Seckman,53
2016-12-03,Grain Valley,47,Smith-Cotton,27
2016-12-03,Hallsville,77,South Callaway,58
2016-12-03,Worth County,36,Stanberry,44
2016-12-03,Weaubleau,60,Stockton,62
2016-12-03,Warrenton,66,Timberland,63
2016-12-03,Winston,63,Trenton,38
2016-12-03,Branson,74,Union,71
2016-12-03,Benton,66,Van Horn,43
2016-12-03,Walnut Grove,71,West Plains,52
2016-12-03,Warrensburg,57,Winnetonka,46
2016-12-04,Rock Bridge,53,Christian Brothers College,60
2016-12-04,Laquey,44,Community,51
2016-12-04,Raytown South,74,Hazelwood Central,80
2016-12-04,Ellington,65,Jamestown,35
2016-12-04,Helias Catholic,68,Smithville,35
2016-12-04,Hallsville,79,South Callaway,58
2016-12-05,Tipton,60,Belle,70
2016-12-05,Forsyth,97,Bradleyville,87
2016-12-05,Richmond,61,Brookfield,53
2016-12-05,Keytesville,59,Bunceton,48
2016-12-05,Plato,91,Cabool,83
2016-12-05,Polo,46,Cainsville with Ridgeway,32
2016-12-05,La Monte,77,Calhoun,97
2016-12-05,Miller Career Academy,70,Cleveland NJROTC,25
2016-12-05,Butler,59,Clinton,85
2016-12-05,Missouri School for the Deaf,36,Community,40
2016-12-05,North Pemiscot,49,Delta (Deering),69
2016-12-05,Festus,50,DeSoto,55
2016-12-05,Central (New Madrid County),50,Dexter,36
2016-12-05,Alton,93,East Carter,78
2016-12-05,Northwest (Cedar Hill),46,Francis Howell Central,63
2016-12-05,Lutheran North,59,Ft. Zumwalt West,53
2016-12-05,Marion C. Early,44,Gainesville,37
2016-12-05,Metro,44,Gateway,80
2016-12-05,Logan-Rogersville,58,Glendale,69
2016-12-05,South Pemiscot,82,Greenville,54
2016-12-05,Linn,38,Hermann,45
2016-12-05,Brashear,42,Higbee,75
2016-12-05,Seckman,36,Hillsboro,70
2016-12-05,Warrenton,43,Holt,37
2016-12-05,Notre Dame (Cape Girardeau),49,Jackson,60
2016-12-05,Collegiate School of Med-Bio Science with Central Visual and Performing Arts,27,John F. Kennedy,59
2016-12-05,Fredericktown,75,Kingston,42
2016-12-05,Wentworth Military Academy,17,Kingsville,52
2016-12-05,West Platte,33,Lathrop,66
2016-12-05,Koshkonong,50,Lutie,38
2016-12-05,South Shelby,52,Mark Twain,43
2016-12-05,Jennings,44,McCluer South-Berkeley,41
2016-12-05,Marion County,10,Monroe City,91
2016-12-05,Plattsburg,50,North Platte,42
2016-12-05,Cameron,50,Odessa,55
2016-12-05,Maplewood-Richmond Hts.,61,Orchard Farm,52
2016-12-05,Stover,61,Otterville,65
2016-12-05,Missouri Military Academy,43,Owensville,55
2016-12-05,Kennett,52,Poplar Bluff,69
2016-12-05,South Pemiscot,63,Risco,61
2016-12-05,St. Joseph Christian,40,Rock Port,38
2016-12-05,Confluence Prep Academy Charter,97,Roosevelt,50
2016-12-05,Worth County,86,South Nodaway with Jefferson (Conception),23
2016-12-05,Hardin-Central,49,Southwest (Livingston County) with Breckenridge,39
2016-12-05,Ritenour,69,St. Charles West,54
2016-12-05,Maysville,47,Tri-County,23
2016-12-05,Valley,60,Valle Catholic,69
2016-12-05,St. Charles,55,Veritas Christian Academy,49
2016-12-05,Northeast (Cairo),52,Westran,53
2016-12-05,Breckenridge,28,Winston,25
2016-12-06,Bell City,58,Advance,87
2016-12-06,St. Pius X (Festus),30,Affton,63
2016-12-06,Hume,12,Appleton City,74
2016-12-06,Sherwood,45,Archie,39
2016-12-06,Meadville,60,Atlanta,18
2016-12-06,Reeds Spring,57,Aurora,48
2016-12-06,Houston,46,Ava,62
2016-12-06,Bronaugh,45,Ballard,39
2016-12-06,Owensville,64,Belle,45
2016-12-06,South Iron,51,Bernie,66
2016-12-06,Trinity Catholic,62,Bishop DuBourg,41
2016-12-06,Hillcrest,58,Bolivar,74
2016-12-06,North Callaway,62,Boonville,64
2016-12-06,New Haven,50,Bourbon,57
2016-12-06,Linn County,66,Brashear,50
2016-12-06,South Harrison,47,Braymer,63
2016-12-06,Northwestern (Mendon),63,Breckenridge,25
2016-12-06,Keytesville,45,Brunswick,38
2016-12-06,Conway,60,Buffalo,31
2016-12-06,Leeton,72,Calhoun,39
2016-12-06,Green Ridge,26,California,53
2016-12-06,Eldon,38,Camdenton,64
2016-12-06,Clopton,44,Canton,58
2016-12-06,Lutheran St. Charles,47,Cardinal Ritter,74
2016-12-06,Holden,53,Carrollton,74
2016-12-06,Joplin,52,Carthage,59
2016-12-06,Galena,54,Cassville,65
2016-12-06,Charleston,67,Central (Cape Girardeau),66
2016-12-06,Windsor (Imperial),57,Central (Park Hills),66
2016-12-06,Kearney,39,Central (St. Joseph),42
2016-12-06,Hallsville,66,Centralia,51
2016-12-06,Parkway West,53,Chaminade College Prep,67
2016-12-06,Wellsville-Middletown,54,Chamois,63
2016-12-06,Eminence,67,Clearwater,33
2016-12-06,Nevada,57,Clinton,45
2016-12-06,St. Paul Lutheran (Concordia),60,Concordia,54
2016-12-06,Sweet Springs,63,Crest Ridge,61
2016-12-06,Stoutland,72,Crocker,74
2016-12-06,Oak Ridge,53,Delta,46
2016-12-06,Kennett,41,Dexter,63
2016-12-06,Penney,60,East Buchanan,40
2016-12-06,Doniphan,84,East Carter,52
2016-12-06,Chaffee,54,East Prairie,60
2016-12-06,Warsaw,39,El Dorado Springs,41
2016-12-06,Blair Oaks,77,Eugene,38
2016-12-06,Thomas Jefferson Independent Day,49,Everton,52
2016-12-06,Mt. Vernon,53,Fair Grove,75
2016-12-06,Sullivan,42,Farmington,59
2016-12-06,Dadeville,49,Fordland,79
2016-12-06,Grain Valley,69,Fort Osage,60
2016-12-06,Ft. Zumwalt East,51,Fox,44
2016-12-06,Northwest (Cedar Hill),46,Francis Howell Central,63
2016-12-06,Kirkwood,65,Francis Howell North,55
2016-12-06,St. Dominic,48,Ft. Zumwalt South,67
2016-12-06,St. Charles West,32,Ft. Zumwalt West,50
2016-12-06,Northeast (Cairo),39,Glasgow,64
2016-12-06,Walnut Grove,78,Greenfield,58
2016-12-06,Zalma,44,Greenville,56
2016-12-06,Weaubleau,46,Greenwood,63
2016-12-06,Grandview (Hillsboro),44,Hancock,77
2016-12-06,Sturgeon,52,Harrisburg,70
2016-12-06,Scott City,75,Herculaneum,41
2016-12-06,Smith-Cotton,36,Hickman,60
2016-12-06,Senath-Hornersville,78,Holcomb,66
2016-12-06,Strafford,45,Hollister,40
2016-12-06,Crane,68,Hurley,53
2016-12-06,Russellville,28,Jamestown,64
2016-12-06,Union Star,14,Jefferson (Conception),87
2016-12-06,Valley Park,77,Jefferson (Festus),47
2016-12-06,Veritas Christian Academy,59,John F. Kennedy,17
2016-12-06,Bloomfield,63,Kelly,40
2016-12-06,Wentworth Military Academy,17,Kingsville,52
2016-12-06,Hannibal,57,Kirksville,75
2016-12-06,Van Horn,62,Knob Noster,61
2016-12-06,Bevier,25,La Plata,61
2016-12-06,Windsor,32,Lafayette County,66
2016-12-06,Mid-Buchanan,65,Lawson,70
2016-12-06,Woodland,60,Leopold,47
2016-12-06,Oak Grove,89,Lexington,64
2016-12-06,Rich Hill,64,Liberal,59
2016-12-06,Summersville,17,Liberty (Mountain View),88
2016-12-06,Ash Grove,43,Lockwood,50
2016-12-06,Santa Fe,64,Lone Jack,43
2016-12-06,Paris with Faith Walk,38,Louisiana,62
2016-12-06,Salisbury,49,Macon,34
2016-12-06,Hale with Bosworth,62,Macon County,53
2016-12-06,Twin Rivers,60,Malden,76
2016-12-06,Trenton,40,Marceline,65
2016-12-06,Billings,46,Marionville,65
2016-12-06,Mexico,78,Marshall,71
2016-12-06,Lebanon,59,Marshfield,47
2016-12-06,Albany,22,Maysville,45
2016-12-06,Parkway North,36,McCluer,61
2016-12-06,Ladue Horton Watkins,63,McCluer North,43
2016-12-06,Parkway Central,58,Mehlville,37
2016-12-06,Green City,35,Mercer,53
2016-12-06,Scotland County,79,Milan,77
2016-12-06,Exeter,37,Miller,59
2016-12-06,Madison,46,Missouri Military Academy,52
2016-12-06,Neosho,57,Monett,49
2016-12-06,King City,41,Mound City,42
2016-12-06,Dora,34,Mountain Grove,94
2016-12-06,Campbell,57,Neelyville,67
2016-12-06,Clinton,45,Nevada,57
2016-12-06,Fatima,74,New Bloomfield,62
2016-12-06,St. Elizabeth,46,Newburg,83
2016-12-06,Gallatin,52,North Andrew,85
2016-12-06,Platte County,54,North Kansas City,70
2016-12-06,DeKalb,35,North Nodaway,68
2016-12-06,Liberty North,71,Northeast (Kansas City),57
2016-12-06,Nodaway-Holt,45,Northeast Nodaway,64
2016-12-06,Miami (Amoret),45,Northeast Vernon County,47
2016-12-06,Lincoln,70,Northwest (Hughesville),34
2016-12-06,Seymour,51,Norwood,38
2016-12-06,Wellington-Napoleon,85,Orrick,12
2016-12-06,Iberia,72,Osage,77
2016-12-06,Central (Springfield),47,Ozark,79
2016-12-06,Lafayette (Wildwood),51,Pacific,59
2016-12-06,North Shelby,46,Palmyra,63
2016-12-06,St. Pius X (Kansas City),29,Park Hill,60
2016-12-06,Tri-County,25,Pattonsburg,66
2016-12-06,Oakville,44,Pattonville,74
2016-12-06,Valle Catholic,59,Perryville,76
2016-12-06,Stover,50,Pilot Grove,52
2016-12-06,New Covenant Academy,53,Pleasant Hope,58
2016-12-06,Clarkton,39,Portageville,59
2016-12-06,North Harrison,27,Princeton,60
2016-12-06,New Heights Christian,49,Purdy,68
2016-12-06,Aurora,48,Reeds Spring,57
2016-12-06,Oran,74,Risco,62
2016-12-06,Raytown,62,Rockhurst,51
2016-12-06,Parkway South,55,Rockwood Summit,50
2016-12-06,St. James,58,Rolla,77
2016-12-06,Collegiate School of Med-Bio Science with Central Visual and Performing Arts,37,Roosevelt,63
2016-12-06,Ste. Genevieve,29,Saxony Lutheran,78
2016-12-06,Golden City,44,Sheldon,50
2016-12-06,Central (New Madrid County),63,Sikeston,81
2016-12-06,Cole Camp,55,Skyline,35
2016-12-06,New Franklin,62,Slater,53
2016-12-06,Montgomery County,96,South Callaway,70
2016-12-06,West Nodaway with Nodaway-Holt,39,South Holt,73
2016-12-06,Osborn,16,South Nodaway with Jefferson (Conception),53
2016-12-06,Hayti,79,South Pemiscot,56
2016-12-06,East Newton,49,Southwest (Washburn),64
2016-12-06,Spokane,44,Sparta,53
2016-12-06,Winnetonka,50,Staley,63
2016-12-06,Richland,61,Steelville,72
2016-12-06,Sarcoxie,42,Stockton,49
2016-12-06,Stewartsville with Osborn,51,Tarkio with Fairfax,59
2016-12-06,Jefferson City,61,Timberland,62
2016-12-06,Battle,55,Troy Buchanan,73
2016-12-06,Cuba,33,Union,70
2016-12-06,Bunker,49,Van Buren,43
2016-12-06,Dixon,48,Vienna,60
2016-12-06,O'Hara,73,Warrensburg,62
2016-12-06,Elsberry,31,Warrenton,62
2016-12-06,Lamar,46,Webb City,79
2016-12-06,Salem,69,West Plains,72
2016-12-06,Climax Springs,46,Wheatland,67
2016-12-06,Hazelwood Central,71,Whitfield,68
2016-12-06,Parkview,58,Willard,51
2016-12-06,Licking,68,Willow Springs,41
2016-12-06,Silex,31,Winfield,61
2016-12-06,Thayer,73,Winona,68
2016-12-06,Southwest (Livingston County) with Breckenridge,35,Winston,76
2016-12-06,Bowling Green,60,Wright City,45
2016-12-07,John Burroughs,68,Brentwood,66
2016-12-07,Cameron,60,Brookfield,56
2016-12-07,Wentworth Military Academy,38,Calhoun,73
2016-12-07,Central (New Madrid County),65,Central (Cape Girardeau),58
2016-12-07,Kingsville,50,Chilhowee,46
2016-12-07,Notre Dame (Cape Girardeau),59,Dexter,47
2016-12-07,Seckman,45,Festus,55
2016-12-07,Belton,68,Fort Osage,53
2016-12-07,St. Dominic,50,Francis Howell North,43
2016-12-07,Kirkwood,63,Ft. Zumwalt South,51
2016-12-07,University City,48,Hazelwood East,59
2016-12-07,Chaminade College Prep,75,Maplewood-Richmond Hts.,33
2016-12-07,Mark Twain,65,Marion County,25
2016-12-07,Webster Groves,78,Marquette,42
2016-12-07,North Technical,71,McCluer South-Berkeley,67
2016-12-07,South Shelby,35,Monroe City,49
2016-12-07,Windsor (Imperial),69,Northwest (Cedar Hill),60
2016-12-07,Richmond,45,Odessa,43
2016-12-07,Pilot Grove,68,Otterville,69
2016-12-07,St. Charles,46,Parkway North,39
2016-12-07,Tuscumbia,67,Prairie Home,60
2016-12-07,Lutheran North,46,Ritenour,66
2016-12-07,Gateway,72,Soldan International Studies,66
2016-12-07,McKinley Classical Leadership,43,Sumner,42
2016-12-08,Seymour,41,Ava,48
2016-12-08,Hale with Bosworth,41,Bevier,63
2016-12-08,Hurley,61,Billings,58
2016-12-08,Gideon,49,Bloomfield,67
2016-12-08,Ruskin,54,Blue Springs South,56
2016-12-08,Hallsville,71,Boonville,75
2016-12-08,Higbee,83,Bunceton,28
2016-12-08,University Academy Charter,51,Butler,71
2016-12-08,Belle,75,Calvary Lutheran,84
2016-12-08,Waynesville,58,Carl Junction,52
2016-12-08,Park Hill,59,Central (St. Joseph),53
2016-12-08,North Callaway,49,Centralia,42
2016-12-08,La Monte,32,Chilhowee,67
2016-12-08,St. Mary's South Side,78,Christian Brothers College,72
2016-12-08,Canton,60,Clark County,62
2016-12-08,Lesterville,66,Clearwater,63
2016-12-08,Lone Jack,41,Concordia,51
2016-12-08,Mountain Grove,72,Conway,62
2016-12-08,South Pemiscot,70,Cooter,61
2016-12-08,Orrick,27,Crest Ridge,58
2016-12-08,Scott County Central,80,Delta,54
2016-12-08,Risco,90,Delta (Deering),72
2016-12-08,South Iron,41,Ellington,60
2016-12-08,Clopton,57,Elsberry,43
2016-12-08,Liberty (Mountain View),72,Eminence,62
2016-12-08,Westran,39,Glasgow,53
2016-12-08,Humansville,27,Greenwood,60
2016-12-08,Green City,69,Grundy County with Newtown-Harris,36
2016-12-08,Frontier School of Excellence Charter,56,Guadalupe Centers Charter,58
2016-12-08,Salisbury,66,Harrisburg,53
2016-12-08,Fredericktown,50,Herculaneum,54
2016-12-08,Poplar Bluff,43,Jackson,59
2016-12-08,Bronaugh,39,Jasper,52
2016-12-08,St. Pius X (Kansas City),39,Kearney,50
2016-12-08,Jefferson (Festus),60,Kingston,51
2016-12-08,Oak Grove,74,Lafayette County,80
2016-12-08,Diamond,46,Lamar,66
2016-12-08,Plattsburg,54,Lathrop,52
2016-12-08,Windsor,50,Lexington,57
2016-12-08,SLUH,75,Lincoln College Prep,61
2016-12-08,Palmyra,52,Louisiana,68
2016-12-08,Pembroke Hill,79,Lutheran (Kansas City),40
2016-12-08,Weaubleau,45,Macks Creek,44
2016-12-08,Sturgeon,54,Macon,52
2016-12-08,Marion C. Early,50,Mansfield,73
2016-12-08,Lee's Summit,75,Maplewood-Richmond Hts.,33
2016-12-08,Valley,69,Marquand-Zion,50
2016-12-08,Jennings,47,McCluer North,44
2016-12-08,Hardin-Central,43,Meadville,62
2016-12-08,Westminster Christian Academy,80,MICDS,71
2016-12-08,Wright City,60,Missouri Military Academy,63
2016-12-08,Clarkton,57,Neelyville,62
2016-12-08,Chadwick,38,New Covenant Academy,86
2016-12-08,Tri-County,46,Newtown-Harris,67
2016-12-08,Braymer,54,Norborne,40
2016-12-08,Richland (Essex),61,North Pemiscot,49
2016-12-08,Raymore-Peculiar,50,Northeast (Kansas City),42
2016-12-08,Hume,32,Northeast Vernon County,41
2016-12-08,North Shelby,50,Paris with Faith Walk,57
2016-12-08,Naylor,99,Puxico,97
2016-12-08,Cuba,48,Salem,60
2016-12-08,St. Paul Lutheran (Concordia),57,Santa Fe,54
2016-12-08,Novinger,36,Scotland County,75
2016-12-08,Osceola,52,Sherwood,62
2016-12-08,Charleston,72,Sikeston,84
2016-12-08,Battle,62,Southern Boone,68
2016-12-08,Lutheran South,61,St. Pius X (Festus),24
2016-12-08,Northeast Nodaway,38,Stanberry,68
2016-12-08,Wellington-Napoleon,69,Sweet Springs,55
2016-12-08,Sheldon,47,Thomas Jefferson Independent Day,65
2016-12-08,Riverview Gardens,71,University City,89
2016-12-08,Holt,35,Washington,48
2016-12-08,Polo,23,Winston,53
2016-12-09,West Nodaway with Nodaway-Holt,46,Albany,49
2016-12-09,Bunker,46,Alton,47
2016-12-09,Linn County,73,Atlanta,27
2016-12-09,Bolivar,53,Aurora,39
2016-12-09,Appleton City,57,Ballard,27
2016-12-09,Fox,46,Barat Academy,18
2016-12-09,Leopold,38,Bell City,58
2016-12-09,North Kansas City,51,Belton,44
2016-12-09,Harrisonville,33,Benton,61
2016-12-09,Crystal City,39,Bismarck,71
2016-12-09,Richland (Essex),13,Bloomfield,60
2016-12-09,SLUH,61,Blue Springs,48
2016-12-09,Rockhurst,66,Blue Springs South,63
2016-12-09,Union,69,Bourbon,46
2016-12-09,Highland,42,Bowling Green,45
2016-12-09,School of the Ozarks,60,Bradleyville,56
2016-12-09,West Plains,56,Branson,70
2016-12-09,Whitfield,68,Brentwood,32
2016-12-09,Windsor,39,Brookfield,66
2016-12-09,Fair Grove,78,Buffalo,44
2016-12-09,Adrian,43,Butler,66
2016-12-09,Helias Catholic,75,Camdenton,42
2016-12-09,Malden,70,Campbell,54
2016-12-09,Mt. Vernon,46,Carl Junction,52
2016-12-09,Senath-Hornersville,35,Caruthersville,86
2016-12-09,Notre Dame (Cape Girardeau),73,Central (New Madrid County),63
2016-12-09,Parkview,78,Central (Springfield),62
2016-12-09,Hermann,44,Chamois,36
2016-12-09,Trenton,35,Chillicothe,54
2016-12-09,O'Hara,70,Clinton,56
2016-12-09,Van-Far,68,Community,42
2016-12-09,North Technical,56,Confluence Prep Academy Charter,73
2016-12-09,Holcomb,79,Cooter,74
2016-12-09,Thayer,57,Couch,23
2016-12-09,Walnut Grove,54,Crane,45
2016-12-09,Belle,57,Crocker,76
2016-12-09,Dixon,67,Cuba,47
2016-12-09,Everton,47,Dadeville,38
2016-12-09,Christian Brothers College,62,De Smet Jesuit,38
2016-12-09,Hillsboro,74,DeSoto,44
2016-12-09,Mid-Buchanan,51,East Buchanan,41
2016-12-09,Van Buren,62,East Carter,41
2016-12-09,Purdy,49,East Newton,66
2016-12-09,North Pemiscot,50,East Prairie,95
2016-12-09,Knob Noster,57,El Dorado Springs,55
2016-12-09,Eugene,74,Eldon,39
2016-12-09,Pleasant Hill,57,Excelsior Springs,62
2016-12-09,Summit Christian Academy,71,Father Tolton,77
2016-12-09,Southern Boone,72,Fatima,59
2016-12-09,Central (Park Hills),57,Francis Howell Central,63
2016-12-09,St. Charles West,68,Francis Howell North,54
2016-12-09,Lutheran North,69,Ft. Zumwalt South,64
2016-12-09,St. Dominic,47,Ft. Zumwalt West,62
2016-12-09,Marshall,53,Fulton,73
2016-12-09,Blue Eye,60,Galena,57
2016-12-09,Bernie,64,Gideon,54
2016-12-09,Pattonsburg,53,Gilman City with North Daviess,48
2016-12-09,Smithville,29,Grain Valley,57
2016-12-09,Steelville,71,Grandview (Hillsboro),48
2016-12-09,Delta,53,Greenville,67
2016-12-09,Breckenridge,48,Hale with Bosworth,56
2016-12-09,Fordland,35,Hartville,67
2016-12-09,Portageville,42,Hayti,56
2016-12-09,Missouri Military Academy,71,Higbee,58
2016-12-09,Liberty,88,Hogan Prep Academy Charter,84
2016-12-09,Archie,53,Holden,39
2016-12-09,Norwood,47,Houston,58
2016-12-09,Sikeston,69,Jackson,35
2016-12-09,Iberia,77,Jamestown,61
2016-12-09,Hancock,49,John Burroughs,43
2016-12-09,South Harrison,52,King City,67
2016-12-09,Moberly,30,Kirksville,54
2016-12-09,Ritenour,81,Kirkwood,79
2016-12-09,Dora,52,Koshkonong,39
2016-12-09,Pattonville,63,Lafayette (Wildwood),48
2016-12-09,Miami (Amoret),43,Lamar,48
2016-12-09,Vienna,52,Laquey,57
2016-12-09,Penney,52,Lawson,73
2016-12-09,Reeds Spring,51,Lebanon,60
2016-12-09,Chaminade College Prep,82,Lee's Summit,57
2016-12-09,Cameron,45,Lexington,28
2016-12-09,Greenfield,60,Liberal,30
2016-12-09,Licking,57,Liberty (Mountain View),48
2016-12-09,Ft. Zumwalt North,45,Liberty (Wentzville),61
2016-12-09,Lakeland,50,Lincoln,79
2016-12-09,Orchard Farm,73,Lutheran St. Charles,70
2016-12-09,La Plata,59,Macon County,25
2016-12-09,New Franklin,58,Madison,44
2016-12-09,Kelly,51,Meadow Heights,74
2016-12-09,Rock Bridge,59,Miller Career Academy,60
2016-12-09,Marshfield,39,Monett,15
2016-12-09,Silex,51,Montgomery County,87
2016-12-09,Miami (Amoret),21,Montrose,63
2016-12-09,Jefferson (Conception),56,Mound City,48
2016-12-09,Cassville,33,Neosho,50
2016-12-09,South Callaway,62,New Bloomfield,55
2016-12-09,Russellville,40,New Haven,44
2016-12-09,Stoutland,47,Newburg,65
2016-12-09,Lutie,74,Niangua,44
2016-12-09,Tarkio with Fairfax,57,North Andrew,79
2016-12-09,Northeast Nodaway,52,North Nodaway,67
2016-12-09,Slater,53,Northeast (Cairo),40
2016-12-09,St. Pius X (Kansas City),49,Northeast (Kansas City),51
2016-12-09,Sheldon,53,Northeast Vernon County,16
2016-12-09,Saxony Lutheran,74,Oak Ridge,33
2016-12-09,Scott City,63,Oran,69
2016-12-09,Linn,57,Owensville,37
2016-12-09,Mark Twain,60,Paris with Faith Walk,64
2016-12-09,Liberty North,47,Park Hill,62
2016-12-09,Rockwood Summit,39,Parkway Central,54
2016-12-09,Mehlville,70,Parkway North,66
2016-12-09,Timberland,52,Parkway South,47
2016-12-09,Eureka,55,Parkway West,60
2016-12-09,Lafayette (Wildwood),48,Pattonville,63
2016-12-09,Fredericktown,50,Perryville,81
2016-12-09,Prairie Home,73,Pilot Grove,61
2016-12-09,Lafayette (St. Joseph),65,Platte County,62
2016-12-09,Charleston,67,Poplar Bluff,62
2016-12-09,St. Clair,50,Potosi,68
2016-12-09,Mercer,65,Princeton,41
2016-12-09,Priory,76,Principia,41
2016-12-09,Principia,38,Priory,74
2016-12-09,Scotland County,71,Putnam County,69
2016-12-09,Advance,87,Puxico,39
2016-12-09,Kearney,42,Raymore-Peculiar,38
2016-12-09,Lockwood,58,Rich Hill,48
2016-12-09,Osage,67,Richland,51
2016-12-09,Osborn,12,Rock Port,65
2016-12-09,McAuley Catholic,71,Sarcoxie,47
2016-12-09,Milan,65,Schuyler County,52
2016-12-09,Diamond,44,Seneca,56
2016-12-09,Warsaw,34,Skyline,55
2016-12-09,Nevada,51,Smith-Cotton,59
2016-12-09,Nodaway-Holt,41,South Nodaway with Jefferson (Conception),49
2016-12-09,Northwestern (Mendon),86,Southwest (Livingston County) with Breckenridge,66
2016-12-09,Marionville,58,Southwest (Washburn),37
2016-12-09,Ash Grove,68,Spokane,46
2016-12-09,Duchesne,76,St. Francis Borgia,74
2016-12-09,Salem,50,St. James,58
2016-12-09,Bishop LeBlond,37,Stanberry,56
2016-12-09,South Holt,63,Stewartsville with Osborn,44
2016-12-09,Osceola,34,Stockton,44
2016-12-09,Clever,54,Strafford,40
2016-12-09,Blair Oaks,59,Sullivan,52
2016-12-09,Winona,79,Summersville,27
2016-12-09,Keytesville,42,Tina-Avalon,49
2016-12-09,California,67,Tipton,53
2016-12-09,Veritas Christian Academy,51,Trinity Catholic,65
2016-12-09,Francis Howell,54,Troy Buchanan,50
2016-12-09,Arcadia Valley,68,Twin Rivers,79
2016-12-09,DeKalb,34,Union Star,37
2016-12-09,Ste. Genevieve,65,Valle Catholic,58
2016-12-09,John F. Kennedy,44,Valley Park,66
2016-12-09,Pembroke Hill,61,Van Horn,38
2016-12-09,Carnahan,30,Vashon,66
2016-12-09,Miller,27,Verona,67
2016-12-09,Warrensburg,83,Versailles,48
2016-12-09,Ft. Zumwalt East,54,Warrenton,55
2016-12-09,Sparta,66,Wheaton,39
2016-12-09,Staley,57,Willard,52
2016-12-09,Plato,51,Willow Springs,52
2016-12-09,Wellsville-Middletown,62,Winfield,44
2016-12-09,Oak Park,60,Winnetonka,30
2016-12-09,North Harrison,15,Winston,69
2016-12-09,Chaffee,59,Woodland,69
2016-12-09,Maryville,66,Worth County,36
2016-12-09,Naylor,47,Zalma,56
2016-12-10,Mansfield,54,Ava,39
2016-12-10,Summit Christian Academy,69,Battle,57
2016-12-10,Viburnum,55,Bismarck,60
2016-12-10,Blue Springs South,62,Blue Springs,51
2016-12-10,Salisbury,58,Boonville,70
2016-12-10,Mexico,54,Bowling Green,33
2016-12-10,Smithton,67,Brunswick,29
2016-12-10,Chilhowee,71,Calhoun,38
2016-12-10,Southeast,77,Central (Kansas City),51
2016-12-10,Ellington,50,Clever,61
2016-12-10,Springfield Catholic,47,Conway,37
2016-12-10,Concordia,42,Crest Ridge,44
2016-12-10,Central (Park Hills),48,DeSoto,51
2016-12-10,Principia,62,Elsberry,72
2016-12-10,Halfway,55,Fair Play,62
2016-12-10,Windsor (Imperial),30,Festus,61
2016-12-10,Hillsboro,79,Francis Howell Central,66
2016-12-10,Houston,41,Gainesville,43
2016-12-10,Harrisburg,52,Hallsville,73
2016-12-10,Washington,55,Hazelwood West,51
2016-12-10,Lee's Summit West,54,Kickapoo,48
2016-12-10,Lesterville,36,Kingston,43
2016-12-10,Leeton,48,Kingsville,44
2016-12-10,Richmond,48,Lafayette County,57
2016-12-10,Seneca,60,Lamar,54
2016-12-10,Webster Groves,81,Lee's Summit,52
2016-12-10,Park Hill South,52,Liberty,56
2016-12-10,Orrick,39,Lone Jack,58
2016-12-10,Monroe City,60,Louisiana,55
2016-12-10,Marquette,54,Maplewood-Richmond Hts.,49
2016-12-10,Seymour,62,Marion C. Early,58
2016-12-10,Sturgeon,57,North Callaway,55
2016-12-10,Arcadia Valley,49,North County,70
2016-12-10,Seckman,47,Northwest (Cedar Hill),61
2016-12-10,Odessa,59,Oak Grove,62
2016-12-10,Tuscumbia,81,Otterville,68
2016-12-10,South Shelby,47,Palmyra,78
2016-12-10,West County,78,Potosi,74
2016-12-10,Cardinal Ritter,51,Republic,47
2016-12-10,SLUH,64,Rockhurst,45
2016-12-10,Sweet Springs,70,Santa Fe,75
2016-12-10,Father Tolton,69,St. Francis Borgia,53
2016-12-10,St. Paul Lutheran (Farmington),43,Valley,49
2016-12-10,St. Paul Lutheran (Concordia),39,Wellington-Napoleon,69
2016-12-12,Seckman,65,Affton,81
2016-12-12,Sparta,63,Billings,53
2016-12-12,Slater,51,Brunswick,44
2016-12-12,Union Star,42,Cainsville with Ridgeway,71
2016-12-12,North Pemiscot,49,Campbell,69
2016-12-12,Southeast,62,Central (Kansas City),44
2016-12-12,SLUH,62,Chaminade College Prep,72
2016-12-12,Excelsior Springs,49,Chillicothe,71
2016-12-12,Risco,67,Clarkton,64
2016-12-12,Smith-Cotton,51,Clinton,58
2016-12-12,Miller Career Academy,72,Collegiate School of Med-Bio Science with Central Visual and Performing Arts,30
2016-12-12,Portageville,56,Cooter,26
2016-12-12,Licking,87,Crocker,56
2016-12-12,Osage,69,Dixon,49
2016-12-12,Sheldon,48,Drexel,41
2016-12-12,Maryville,45,East Buchanan,36
2016-12-12,Sarcoxie,34,Everton,50
2016-12-12,Osceola,33,Fair Play,76
2016-12-12,Roosevelt,54,Gateway,69
2016-12-12,Marion C. Early,62,Greenfield,75
2016-12-12,South Pemiscot,84,Greenville,54
2016-12-12,Normandy Collaborative,50,Hazelwood West,47
2016-12-12,Bourbon,54,Herculaneum,59
2016-12-12,Scotland County,56,Highland,66
2016-12-12,Lexington,58,Holden,73
2016-12-12,Cabool,52,Koshkonong,28
2016-12-12,Gallatin,50,Lathrop,46
2016-12-12,Stover,48,Macks Creek,68
2016-12-12,Hazelwood East,50,McCluer South-Berkeley,51
2016-12-12,Northeast Vernon County,27,Montrose,60
2016-12-12,Neelyville,52,Naylor,39
2016-12-12,Newtown-Harris,52,North Harrison,53
2016-12-12,Linn County,73,Northwestern (Mendon),85
2016-12-12,Leeton,65,Otterville,61
2016-12-12,Cuba,49,Owensville,46
2016-12-12,Braymer,57,Pattonsburg,35
2016-12-12,Concordia,53,Pilot Grove,66
2016-12-12,Hume,30,Rich Hill,64
2016-12-12,Warsaw,32,Sacred Heart,76
2016-12-12,Delta (Deering),61,Senath-Hornersville,56
2016-12-12,Pleasant Hope,45,Seymour,63
2016-12-12,Missouri Military Academy,41,Silex,47
2016-12-12,Lincoln,59,Skyline,42
2016-12-12,Central (Kansas City),44,Southeast,62
2016-12-12,Hillsboro,88,Ste. Genevieve,68
2016-12-12,Golden City,49,Thomas Jefferson Independent Day,63
2016-12-12,Meadville,55,Tina-Avalon,23
2016-12-12,Carrollton,47,Trenton,77
2016-12-12,Hayti,65,Twin Rivers,76
2016-12-12,Confluence Prep Academy Charter,85,Valle Catholic,50
2016-12-12,St. Clair,64,Viburnum,46
2016-12-12,Center,66,Warrensburg,62
2016-12-12,Sacred Heart,76,Warsaw,32
2016-12-12,Lutheran (Kansas City),57,West Platte,35
2016-12-12,St. Charles West,56,Winfield,29
2016-12-12,Hermann,70,Wright City,46
2016-12-13,Liberty (Mountain View),85,Alton,62
2016-12-13,Kingsville,15,Archie,49
2016-12-13,Mt. Vernon,59,Ash Grove,55
2016-12-13,Norwood,72,Bakersfield,64
2016-12-13,Helias Catholic,72,Battle,57
2016-12-13,Savannah,25,Benton,40
2016-12-13,Novinger,59,Bevier,55
2016-12-13,Greenwood,66,Billings,51
2016-12-13,Gateway Science Charter,50,Bishop DuBourg,48
2016-12-13,Fulton,58,Boonville,69
2016-12-13,Newburg,89,Bourbon,36
2016-12-13,Ava,56,Bradleyville,58
2016-12-13,Skyline,52,Buffalo,48
2016-12-13,Prairie Home,68,Bunceton,41
2016-12-13,Centralia,39,California,52
2016-12-13,Marshfield,47,Camdenton,52
2016-12-13,Delta (Deering),45,Campbell,70
2016-12-13,Veritas Christian Academy,37,Cardinal Ritter,58
2016-12-13,Blue Eye,42,Cassville,49
2016-12-13,Notre Dame (Cape Girardeau),64,Central (New Madrid County),66
2016-12-13,Carthage,51,Central (Springfield),59
2016-12-13,Belle,39,Chamois,55
2016-12-13,Ballard,43,Chilhowee,51
2016-12-13,Macon,15,Chillicothe,59
2016-12-13,Cooter,60,Clarkton,77
2016-12-13,Halfway,52,Climax Springs,47
2016-12-13,Smith-Cotton,51,Clinton,58
2016-12-13,Bowling Green,65,Community,35
2016-12-13,Dora,58,Couch,46
2016-12-13,Stewartsville with Osborn,63,DeKalb,32
2016-12-13,Meadow Heights,71,Delta,51
2016-12-13,Potosi,69,DeSoto,75
2016-12-13,Jackson,47,Dexter,40
2016-12-13,Monett,46,Diamond,49
2016-12-13,Caruthersville,77,Doniphan,58
2016-12-13,Southeast,55,East (Kansas City),52
2016-12-13,Greenville,63,East Carter,55
2016-12-13,Adrian,62,El Dorado Springs,46
2016-12-13,Bunker,33,Ellington,62
2016-12-13,Wright City,36,Elsberry,59
2016-12-13,Van Buren,52,Eminence,63
2016-12-13,Wheaton,43,Everton,62
2016-12-13,Hollister,33,Fair Grove,71
2016-12-13,Harrisburg,83,Fayette,72
2016-12-13,Grandview (Hillsboro),37,Festus,76
2016-12-13,Conway,54,Fordland,50
2016-12-13,Lafayette (Wildwood),46,Francis Howell,48
2016-12-13,Bismarck,79,Fredericktown,66
2016-12-13,Ft. Zumwalt West,52,Ft. Zumwalt North,45
2016-12-13,Liberty (Wentzville),57,Ft. Zumwalt South,55
2016-12-13,Marionville,60,Galena,58
2016-12-13,Putnam County,74,Gallatin,64
2016-12-13,Nixa,84,Glendale,67
2016-12-13,Dadeville,56,Golden City,72
2016-12-13,Atlanta,26,Green City,59
2016-12-13,Smithton,66,Green Ridge,55
2016-12-13,Norborne,55,Hale with Bosworth,65
2016-12-13,Eugene,57,Hallsville,72
2016-12-13,Jefferson City,65,Hickman,68
2016-12-13,Hermitage,71,Humansville,38
2016-12-13,Montrose,65,Hume,20
2016-12-13,Vienna,45,Iberia,82
2016-12-13,McCluer,55,Jennings,68
2016-12-13,Webb City,64,Joplin,71
2016-12-13,Fort Osage,51,Kearney,87
2016-12-13,Malden,44,Kennett,60
2016-12-13,Hardin-Central,33,Keytesville,37
2016-12-13,Branson,57,Kickapoo,102
2016-12-13,St. Joseph Christian,42,King City,55
2016-12-13,Richmond,51,Knob Noster,67
2016-12-13,Salisbury,45,Knox County,72
2016-12-13,Brashear,29,La Plata,68
2016-12-13,Odessa,46,Lafayette County,53
2016-12-13,Weaubleau,52,Lakeland,77
2016-12-13,Richland,47,Laquey,41
2016-12-13,Cameron,29,Lawson,61
2016-12-13,Lone Jack,45,Lexington,61
2016-12-13,Lamar,72,Liberal,47
2016-12-13,Grandview,55,Liberty,59
2016-12-13,Winnetonka,42,Liberty North,54
2016-12-13,La Monte,42,Lincoln,85
2016-12-13,Northeast (Kansas City),67,Lincoln College Prep,66
2016-12-13,Vianney,50,Lindbergh,51
2016-12-13,Meadville,36,Linn County,32
2016-12-13,Walnut Grove,60,Lockwood,31
2016-12-13,Glasgow,59,Madison,27
2016-12-13,Mountain Grove,64,Mansfield,44
2016-12-13,Lutheran North,73,Maplewood-Richmond Hts.,70
2016-12-13,Exeter,20,McAuley Catholic,76
2016-12-13,Kirksville,78,Mexico,61
2016-12-13,Miami (Amoret),18,Midway,53
2016-12-13,Hannibal,58,Moberly,60
2016-12-13,Mark Twain,36,Monroe City,64
2016-12-13,Southland,26,Naylor,53
2016-12-13,O'Hara,70,Nevada,46
2016-12-13,Northeast (Cairo),35,New Franklin,38
2016-12-13,Worth County,48,North Andrew,61
2016-12-13,Van-Far,60,North Callaway,51
2016-12-13,St. Pius X (Kansas City),33,North Kansas City,69
2016-12-13,Mound City,41,North Nodaway,43
2016-12-13,Orrick,33,North Platte,55
2016-12-13,Westran,35,North Shelby,62
2016-12-13,Miller Career Academy,75,North Technical,79
2016-12-13,Jefferson (Festus),55,Northwest (Cedar Hill),49
2016-12-13,Wellington-Napoleon,76,Oak Grove,49
2016-12-13,Park Hill,54,Oak Park,53
2016-12-13,Bell City,65,Oak Ridge,43
2016-12-13,Ritenour,73,Oakville,51
2016-12-13,East Prairie,78,Oran,77
2016-12-13,Tri-County,48,Osborn,50
2016-12-13,Stover,62,Otterville,57
2016-12-13,Logan-Rogersville,38,Ozark,40
2016-12-13,Marceline,51,Paris with Faith Walk,23
2016-12-13,Lee's Summit North,72,Park Hill South,76
2016-12-13,De Smet Jesuit,73,Parkway South,58
2016-12-13,Braymer,57,Pattonsburg,35
2016-12-13,New Heights Christian,33,Pierce City,56
2016-12-13,Belton,64,Pleasant Hill,57
2016-12-13,Milan,58,Polo,26
2016-12-13,DeSoto,75,Potosi,69
2016-12-13,Trenton,48,Princeton,43
2016-12-13,Miller,53,Purdy,85
2016-12-13,Crane,62,Reeds Spring,70
2016-12-13,Parkview,50,Republic,68
2016-12-13,Marquand-Zion,45,Richland (Essex),73
2016-12-13,Jefferson (Conception),66,Rock Port,49
2016-12-13,Parkway West,49,Rockwood Summit,28
2016-12-13,St. Elizabeth,74,Russellville,51
2016-12-13,Northwest (Hughesville),43,Sacred Heart,80
2016-12-13,Rolla,55,Salem,46
2016-12-13,North County,40,Saxony Lutheran,62
2016-12-13,Hurley,50,School of the Ozarks,74
2016-12-13,Schuyler County,38,Scotland County,68
2016-12-13,Kelly,52,Scott City,58
2016-12-13,North Pemiscot,29,Senath-Hornersville,83
2016-12-13,Hartville,72,Seymour,46
2016-12-13,Bronaugh,41,Sheldon,55
2016-12-13,New Haven,44,Silex,37
2016-12-13,Sturgeon,76,Slater,63
2016-12-13,Platte County,59,Smithville,54
2016-12-13,Blair Oaks,84,South Callaway,58
2016-12-13,Maysville,51,South Harrison,57
2016-12-13,Nodaway-Holt,51,South Holt,80
2016-12-13,Arcadia Valley,76,South Iron,89
2016-12-13,Canton,63,South Shelby,58
2016-12-13,East (Kansas City),52,Southeast,55
2016-12-13,New Covenant Academy,53,Sparta,70
2016-12-13,Warrenton,39,St. Charles,56
2016-12-13,Owensville,28,St. Clair,41
2016-12-13,Carrollton,56,St. Paul Lutheran (Concordia),64
2016-12-13,Central (Park Hills),53,St. Pius X (Festus),37
2016-12-13,Chaffee,54,St. Vincent,70
2016-12-13,Albany,21,Stanberry,64
2016-12-13,Crocker,71,Steelville,76
2016-12-13,Lesterville,68,Summersville,49
2016-12-13,Northland Christian,37,Summit Christian Academy,68
2016-12-13,Vashon,78,Sumner,28
2016-12-13,Northeast Nodaway,40,Tarkio with Fairfax,59
2016-12-13,Holt,46,Troy Buchanan,54
2016-12-13,Blue Springs,78,Truman,57
2016-12-13,Calvary Lutheran,56,Tuscumbia,64
2016-12-13,Puxico,56,Twin Rivers,68
2016-12-13,Pacific,55,Union,49
2016-12-13,Gilman City with North Daviess,62,Union Star,32
2016-12-13,Crystal City,26,Valley Park,70
2016-12-13,Grain Valley,65,Van Horn,27
2016-12-13,Greenfield,65,Verona,47
2016-12-13,Cole Camp,63,Versailles,83
2016-12-13,Valley,54,Viburnum,56
2016-12-13,Sullivan,63,Washington,58
2016-12-13,Clopton,81,Wellsville-Middletown,76
2016-12-13,South Nodaway with Jefferson (Conception),53,West Nodaway with Nodaway-Holt,32
2016-12-13,Appleton City,46,Wheatland,61
2016-12-13,Carnahan,37,Whitfield,64
2016-12-13,Hillcrest,54,Willard,40
2016-12-13,Ruskin,64,William Chrisman,50
2016-12-13,Winona,39,Willow Springs,54
2016-12-13,Tipton,50,Windsor,54
2016-12-13,Grundy County with Newtown-Harris,28,Winston,85
2016-12-13,Bernie,55,Woodland,64
2016-12-14,Hazelwood East,47,Cardinal Ritter,71
2016-12-14,Pattonville,72,Clayton,44
2016-12-14,Grandview (Hillsboro),36,Festus,76
2016-12-14,Trinity Catholic,60,John F. Kennedy,39
2016-12-14,Leopold,53,Kelly,64
2016-12-14,Northwest (Hughesville),44,Leeton,70
2016-12-14,Hillsboro,73,Mehlville,57
2016-12-14,Jamestown,57,Missouri Military Academy,68
2016-12-14,Hazelwood West,57,Riverview Gardens,53
2016-12-14,McKinley Classical Leadership,29,Soldan International Studies,67
2016-12-15,Bernie,88,Bell City,55
2016-12-15,Moberly,57,Boonville,51
2016-12-15,Sparta,42,Bradleyville,61
2016-12-15,Atlanta,38,Brashear,46
2016-12-15,Southwest (Livingston County) with Breckenridge,62,Breckenridge,40
2016-12-15,South Iron,47,Bunker,34
2016-12-15,Miami (Amoret),44,Calhoun,68
2016-12-15,Clever,71,Carthage,60
2016-12-15,Seymour,63,Chadwick,42
2016-12-15,Cooter,59,Clarkton,77
2016-12-15,Alton,56,Couch,45
2016-12-15,Richland (Essex),40,Dexter,76
2016-12-15,Northeast (Kansas City),57,East (Kansas City),31
2016-12-15,Stockton,57,El Dorado Springs,56
2016-12-15,Liberty (Wentzville),74,Eureka,70
2016-12-15,Slater,56,Fayette,66
2016-12-15,Hazelwood East,58,Francis Howell North,67
2016-12-15,Lift for Life Academy Charter,41,Ft. Zumwalt East,39
2016-12-15,Hazelwood Central,55,Ft. Zumwalt South,47
2016-12-15,Parkway North,49,Ft. Zumwalt West,57
2016-12-15,Lakeland,51,Green Ridge,55
2016-12-15,Fordland,38,Greenwood,40
2016-12-15,Newtown-Harris,48,Grundy County with Newtown-Harris,57
2016-12-15,Fair Play,57,Halfway,42
2016-12-15,Northwest (Cedar Hill),38,Hancock,55
2016-12-15,Northwestern (Mendon),76,Hardin-Central,67
2016-12-15,Holcomb,45,Hayti,91
2016-12-15,Valle Catholic,56,Herculaneum,62
2016-12-15,Macks Creek,59,Humansville,39
2016-12-15,Hale with Bosworth,41,Keytesville,71
2016-12-15,Valley,36,Kingston,37
2016-12-15,Harrisonville,63,Lamar,65
2016-12-15,Park Hill,66,Lee's Summit,45
2016-12-15,Zalma,69,Lesterville,67
2016-12-15,Salem,41,Licking,60
2016-12-15,West Plains,50,Logan-Rogersville,60
2016-12-15,Adrian,60,Lone Jack,55
2016-12-15,Sumner,55,Metro,31
2016-12-15,Marceline,53,Monroe City,58
2016-12-15,Chamois,45,New Bloomfield,42
2016-12-15,Tuscumbia,63,New Franklin,42
2016-12-15,Everton,71,Niangua,40
2016-12-15,Cainsville with Ridgeway,35,North Nodaway,68
2016-12-15,Southland,40,North Pemiscot,91
2016-12-15,Barat Academy,30,North Technical,57
2016-12-15,St. Paul Lutheran (Concordia),47,Odessa,61
2016-12-15,Priory,66,Orchard Farm,60
2016-12-15,Lexington,65,Orrick,45
2016-12-15,Risco,61,Portageville,47
2016-12-15,Carrollton,65,Santa Fe,68
2016-12-15,Exeter,34,Sarcoxie,58
2016-12-15,Naylor,56,Senath-Hornersville,60
2016-12-15,Marion County,34,South Shelby,86
2016-12-15,Winfield,40,St. Charles,76
2016-12-15,Bishop LeBlond,55,St. Joseph Christian,39
2016-12-15,Jefferson (Festus),50,Ste. Genevieve,55
2016-12-15,Gilman City with North Daviess,44,Stewartsville with Osborn,73
2016-12-15,Madison,45,Sturgeon,61
2016-12-15,Koshkonong,74,Summersville,54
2016-12-15,Plattsburg,58,Summit Christian Academy,74
2016-12-15,Versailles,87,Tipton,72
2016-12-15,Mercer,114,Tri-County,20
2016-12-15,Kingston,37,Valley,36
2016-12-15,Lutheran St. Charles,76,Valley Park,64
2016-12-15,Silex,40,Van-Far,71
2016-12-15,Wheatland,54,Walnut Grove,84
2016-12-15,Liberty,51,Winnetonka,38
2016-12-16,Willow Springs,73,Alton,58
2016-12-16,East Newton,61,Ash Grove,67
2016-12-16,McKinley Classical Leadership,63,Bayless,43
2016-12-16,Bernie,88,Bell City,55
2016-12-16,Raymore-Peculiar,29,Belton,48
2016-12-16,Hickman,64,Blair Oaks,55
2016-12-16,Advance,55,Bloomfield,50
2016-12-16,Stockton,45,Butler,54
2016-12-16,East (Kansas City),43,Central (Kansas City),40
2016-12-16,Marquand-Zion,25,Chaffee,67
2016-12-16,Christian Brothers College,74,Chaminade College Prep,93
2016-12-16,La Monte,62,Chilhowee,68
2016-12-16,Whitfield,61,Clayton,57
2016-12-16,Twin Rivers,73,Clearwater,59
2016-12-16,Center,76,Clinton,38
2016-12-16,Lexington,48,Crest Ridge,56
2016-12-16,Neelyville,52,Delta (Deering),40
2016-12-16,Cabool,62,Dora,40
2016-12-16,St. Dominic,36,Duchesne,38
2016-12-16,Central (Kansas City),40,East (Kansas City),43
2016-12-16,Buffalo,60,El Dorado Springs,56
2016-12-16,Van Buren,38,Ellington,53
2016-12-16,St. Elizabeth,48,Eugene,74
2016-12-16,Blue Eye,53,Exeter,17
2016-12-16,Aurora,51,Fair Grove,63
2016-12-16,Ava,59,Forsyth,69
2016-12-16,North Kansas City,76,Fort Osage,56
2016-12-16,Affton,83,Fox,57
2016-12-16,Francis Howell North,50,Francis Howell Central,60
2016-12-16,Hazelwood East,58,Francis Howell North,67
2016-12-16,Ladue Horton Watkins,72,Ft. Zumwalt North,67
2016-12-16,Harrisonville,48,Grain Valley,52
2016-12-16,Hartville,88,Hazelwood Central,80
2016-12-16,Dadeville,31,Hermitage,79
2016-12-16,Branson,45,Hillcrest,65
2016-12-16,Richmond,64,Holden,41
2016-12-16,Bronaugh,42,Hume,21
2016-12-16,Oak Park,39,Kearney,49
2016-12-16,Woodland,80,Kelly,63
2016-12-16,Scott City,62,Kennett,71
2016-12-16,North Andrew,50,King City,27
2016-12-16,Concordia,27,Knob Noster,68
2016-12-16,Lee's Summit North,46,Lee's Summit West,68
2016-12-16,Gideon,69,Leopold,55
2016-12-16,Osceola,52,Liberal,57
2016-12-16,Laquey,40,Licking,62
2016-12-16,Sacred Heart,73,Lincoln,61
2016-12-16,Seckman,44,Lindbergh,61
2016-12-16,Wellington-Napoleon,72,Lutheran (Kansas City),27
2016-12-16,MICDS,64,Lutheran South,59
2016-12-16,Spokane,57,Marion C. Early,62
2016-12-16,Lockwood,31,Marionville,49
2016-12-16,Rockwood Summit,30,Marquette,47
2016-12-16,Milan,36,Maysville,46
2016-12-16,New Heights Christian,33,McAuley Catholic,64
2016-12-16,Waynesville,38,McCluer North,67
2016-12-16,St. Charles West,64,McCluer South-Berkeley,56
2016-12-16,Parkway West,43,Mehlville,33
2016-12-16,Vashon,74,Miller Career Academy,58
2016-12-16,Hollister,46,Monett,44
2016-12-16,Appleton City,48,Montrose,44
2016-12-16,Reeds Spring,48,Mt. Vernon,47
2016-12-16,Seneca,40,Neosho,57
2016-12-16,Greenwood,64,New Covenant Academy,32
2016-12-16,Halfway,40,Niangua,35
2016-12-16,Central (Springfield),47,Nixa,69
2016-12-16,Lutheran St. Charles,79,North Technical,74
2016-12-16,East Prairie,63,Oak Ridge,53
2016-12-16,Delta,32,Oran,73
2016-12-16,Ft. Zumwalt East,54,Orchard Farm,66
2016-12-16,West Nodaway with Nodaway-Holt,54,Osborn,29
2016-12-16,Smithton,84,Otterville,72
2016-12-16,Kickapoo,75,Ozark,48
2016-12-16,St. Charles,49,Parkway West,60
2016-12-16,Albany,38,Pattonsburg,59
2016-12-16,Lincoln College Prep,67,Pembroke Hill,69
2016-12-16,Warsaw,41,Pilot Grove,52
2016-12-16,Houston,28,Plato,61
2016-12-16,West Platte,36,Plattsburg,71
2016-12-16,Humansville,41,Pleasant Hope,67
2016-12-16,Lift for Life Academy Charter,43,Priory,68
2016-12-16,Cassville,62,Purdy,59
2016-12-16,South Pemiscot,61,Risco,62
2016-12-16,Raytown South,82,Ruskin,63
2016-12-16,Belle,70,Russellville,58
2016-12-16,Thomas Jefferson Independent Day,40,Sarcoxie,43
2016-12-16,Perryville,66,Saxony Lutheran,81
2016-12-16,Galena,40,School of the Ozarks,70
2016-12-16,Malden,61,Scott County Central,67
2016-12-16,Notre Dame (Cape Girardeau),33,Sikeston,75
2016-12-16,St. Pius X (Kansas City),59,Smithville,50
2016-12-16,Pierce City,68,Southwest (Washburn),50
2016-12-16,Mansfield,48,Springfield Catholic,56
2016-12-16,Worth County,34,St. Joseph Christian,35
2016-12-16,St. Francis Borgia,58,St. Mary's South Side,61
2016-12-16,Park Hill South,70,Staley,63
2016-12-16,Fatima,72,Steelville,74
2016-12-16,Richland,58,Stoutland,52
2016-12-16,Gainesville,36,Thayer,61
2016-12-16,Holt,62,Timberland,55
2016-12-16,Cole Camp,82,Tipton,38
2016-12-16,Barat Academy,39,Valley Park,77
2016-12-16,SLUH,53,Vianney,37
2016-12-16,Newburg,80,Vienna,40
2016-12-16,Nevada,45,Warrensburg,63
2016-12-16,McCluer North,67,Waynesville,38
2016-12-16,Climax Springs,27,Weaubleau,46
2016-12-16,Poplar Bluff,56,Webster Groves,91
2016-12-16,Lutheran North,54,Westminster Christian Academy,66
2016-12-16,Miller,60,Wheaton,48
2016-12-16,Truman,46,William Chrisman,47
2016-12-16,Lakeland,54,Windsor,53
2016-12-17,Winfield,59,Clayton,68
2016-12-17,Verona,41,Fair Play,62
2016-12-17,Barat Academy,32,Ft. Zumwalt East,61
2016-12-17,New Bloomfield,45,Jamestown,49
2016-12-17,Poplar Bluff,74,Kirkwood,62
2016-12-17,Priory,63,Lutheran St. Charles,58
2016-12-17,Mt. Vernon,66,McAuley Catholic,50
2016-12-17,St. Dominic,50,McCluer,62
2016-12-17,McAuley Catholic,50,Mt. Vernon,66
2016-12-17,Washington,51,Normandy Collaborative,38
2016-12-17,St. Pius X (Festus),53,North County,68
2016-12-17,Lift for Life Academy Charter,38,North Technical,71
2016-12-17,Duchesne,75,Ritenour,67
2016-12-17,Rock Bridge,68,Smith-Cotton,30
2016-12-17,MICDS,51,Soldan International Studies,53
2016-12-17,Veritas Christian Academy,44,University City,54
2016-12-17,Hazelwood Central,61,Waynesville,48
2016-12-18,Parkway South,58,Francis Howell,68
2016-12-18,Ladue Horton Watkins,72,Ft. Zumwalt North,67
2016-12-19,Weaubleau,45,Appleton City,56
2016-12-19,Risco,67,Bell City,44
2016-12-19,Cardinal Ritter,75,Bishop DuBourg,39
2016-12-19,Harrisonville,70,Clinton,69
2016-12-19,Purdy,54,Crane,73
2016-12-19,Hermann,46,Cuba,30
2016-12-19,Butler,56,Drexel,60
2016-12-19,Jennings,65,Francis Howell Central,58
2016-12-19,McAuley Catholic,81,Golden City,32
2016-12-19,La Monte,34,Kingsville,49
2016-12-19,Chillicothe,40,Kirksville,47
2016-12-19,Schuyler County,39,La Plata,47
2016-12-19,Galena,38,Lamar,54
2016-12-19,Lafayette County,59,Lexington,39
2016-12-19,Tri-County,31,Macon County,62
2016-12-19,Ballard,44,Miami (Amoret),30
2016-12-19,Leeton,80,Midway,56
2016-12-19,New Haven,64,Montgomery County,90
2016-12-19,Lift for Life Academy Charter,38,North Technical,71
2016-12-19,Green Ridge,85,Otterville,74
2016-12-19,Grain Valley,65,Platte County,43
2016-12-19,St. James,63,Potosi,71
2016-12-19,Tipton,74,Prairie Home,82
2016-12-19,Oak Grove,43,Raytown South,77
2016-12-19,Duchesne,75,Ritenour,67
2016-12-19,St. Pius X (Kansas City),49,Smith-Cotton,56
2016-12-19,Valle Catholic,60,St. Vincent,58
2016-12-19,Cabool,83,Summersville,30
2016-12-19,William Chrisman,61,Van Horn,57
2016-12-19,Ste. Genevieve,57,West County,70
2016-12-19,Marion C. Early,53,Wheatland,79
2016-12-20,Pleasant Hill,64,Adrian,54
2016-12-20,Lesterville,46,Arcadia Valley,75
2016-12-20,Lone Jack,68,Archie,42
2016-12-20,Dora,55,Bakersfield,52
2016-12-20,Gateway Science Charter,60,Bayless,49
2016-12-20,New Bloomfield,64,Belle,36
2016-12-20,Neelyville,60,Bernie,74
2016-12-20,Dixon,56,Blair Oaks,64
2016-12-20,Chaffee,32,Bloomfield,65
2016-12-20,Lee's Summit,54,Blue Springs,60
2016-12-20,Lee's Summit West,71,Blue Springs South,44
2016-12-20,Strafford,48,Bolivar,69
2016-12-20,Palmyra,39,Bowling Green,23
2016-12-20,Grundy County with Newtown-Harris,55,Brashear,35
2016-12-20,Drexel,54,Bronaugh,47
2016-12-20,Warsaw,34,Buffalo,43
2016-12-20,Green City,60,Cainsville with Ridgeway,44
2016-12-20,Knob Noster,52,California,48
2016-12-20,Osage,48,Camdenton,50
2016-12-20,Saxony Lutheran,65,Central (Park Hills),52
2016-12-20,Kickapoo,78,Central (Springfield),60
2016-12-20,Benton,56,Central (St. Joseph),62
2016-12-20,Otterville,75,Chilhowee,79
2016-12-20,Hollister,44,Clever,64
2016-12-20,Cole Camp,70,Crest Ridge,61
2016-12-20,Perryville,73,DeSoto,61
2016-12-20,Liberty (Mountain View),68,Doniphan,62
2016-12-20,North Platte,43,East Buchanan,55
2016-12-20,Carl Junction,56,East Newton,42
2016-12-20,Lebanon,77,Eldon,41
2016-12-20,Bismarck,73,Eminence,66
2016-12-20,Bishop LeBlond,61,Excelsior Springs,73
2016-12-20,Bourbon,42,Fatima,74
2016-12-20,Hancock,52,Ft. Zumwalt East,61
2016-12-20,Mountain Grove,81,Gainesville,33
2016-12-20,Madison,46,Glasgow,77
2016-12-20,Liberty North,59,Grandview,61
2016-12-20,Lakeland,63,Hermitage,91
2016-12-20,Chaminade College Prep,84,Hickman,65
2016-12-20,Knox County,54,Highland,33
2016-12-20,Washington,44,Holt,53
2016-12-20,Alton,57,Houston,44
2016-12-20,Santa Fe,38,Jamestown,62
2016-12-20,North Andrew,60,Jefferson (Conception),56
2016-12-20,Fredericktown,37,Jefferson (Festus),73
2016-12-20,Willard,41,Jefferson City,45
2016-12-20,St. Paul Lutheran (Farmington),46,Kingston,48
2016-12-20,Couch,66,Koshkonong,46
2016-12-20,Cameron,45,Lathrop,44
2016-12-20,Orrick,18,Lawson,53
2016-12-20,Raymore-Peculiar,70,Lee's Summit North,85
2016-12-20,Hillcrest,55,Logan-Rogersville,36
2016-12-20,Community,59,Marion County,27
2016-12-20,Lafayette County,79,Marshall,70
2016-12-20,Springfield Catholic,54,Marshfield,68
2016-12-20,Penney,38,Maryville,59
2016-12-20,Polo,42,Maysville,60
2016-12-20,Hale with Bosworth,26,Meadville,59
2016-12-20,Northland Christian,50,Mid-Buchanan,96
2016-12-20,Princeton,54,Milan,63
2016-12-20,Billings,72,Miller,53
2016-12-20,Union Star,10,Mound City,68
2016-12-20,Diamond,65,New Heights Christian,43
2016-12-20,Stewartsville with Osborn,40,Nodaway-Holt,35
2016-12-20,Stanberry,62,North Harrison,20
2016-12-20,Hartville,59,Norwood,26
2016-12-20,Truman,29,Oak Park,69
2016-12-20,Tarkio with Fairfax,60,Osborn,23
2016-12-20,Pattonsburg,44,Paris with Faith Walk,51
2016-12-20,Ozark,95,Parkview,85
2016-12-20,Fort Osage,65,Platte County,71
2016-12-20,South Harrison,58,Putnam County,68
2016-12-20,Oak Grove,43,Raytown South,77
2016-12-20,Battle,54,Rock Bridge,79
2016-12-20,West Nodaway with Nodaway-Holt,52,Rock Port,63
2016-12-20,North Kansas City,71,Ruskin,62
2016-12-20,Vienna,72,Russellville,87
2016-12-20,St. Pius X (Festus),54,Scott City,49
2016-12-20,Pilot Grove,50,Slater,62
2016-12-20,St. Pius X (Kansas City),49,Smith-Cotton,56
2016-12-20,Northeast Nodaway,61,South Holt,77
2016-12-20,North Nodaway,25,South Nodaway with Jefferson (Conception),51
2016-12-20,Marionville,56,Spokane,43
2016-12-20,Sullivan,57,St. Francis Borgia,50
2016-12-20,Centralia,40,Sturgeon,54
2016-12-20,Gallatin,36,Trenton,46
2016-12-20,Macks Creek,45,Tuscumbia,57
2016-12-20,Viburnum,27,Van Buren,51
2016-12-20,Lexington,57,Wellington-Napoleon,83
2016-12-20,Knox County,71,Westran,27
2016-12-20,Blue Eye,65,Wheaton,25
2016-12-20,Conway,55,Willow Springs,47
2016-12-20,La Monte,50,Windsor,74
2016-12-20,Fox,66,Windsor (Imperial),76
2016-12-20,Bunker,48,Winona,50
2016-12-21,Billings,72,Ash Grove,67
2016-12-21,La Plata,42,Braymer,59
2016-12-21,Gallatin,57,Carrollton,67
2016-12-21,Fordland,84,Chadwick,34
2016-12-21,Lexington,48,Crest Ridge,56
2016-12-21,Verona,41,Fair Play,62
2016-12-21,Central (Cape Girardeau),58,Farmington,74
2016-12-21,Keytesville,50,Gilman City with North Daviess,47
2016-12-21,Higbee,42,Hardin-Central,57
2016-12-21,Bolivar,72,Helias Catholic,74
2016-12-21,Miller,32,Hermitage,91
2016-12-21,Pierce City,62,Hurley,52
2016-12-21,Tina-Avalon,24,King City,49
2016-12-21,Pleasant Hope,47,Liberal,41
2016-12-21,Clark County,58,Louisiana,46
2016-12-21,Bishop DuBourg,31,Lutheran St. Charles,65
2016-12-21,Bishop DuBourg,31,Lutheran St. Charles,65
2016-12-21,Walnut Grove,83,Niangua,48
2016-12-21,Park Hill,61,Park Hill South,56
2016-12-21,Rock Bridge,72,Smith-Cotton,30
2016-12-21,Winfield,41,St. Dominic,54
2016-12-21,Republic,61,Waynesville,44
2016-12-21,Valle Catholic,45,West County,77
2016-12-22,Fatima,71,Blair Oaks,86
2016-12-22,Grundy County with Newtown-Harris,55,Brashear,35
2016-12-22,Pattonville,72,Brentwood,31
2016-12-22,Rich Hill,51,Bronaugh,37
2016-12-22,Louisiana,68,Brookfield,47
2016-12-22,Princeton,48,Bunker,36
2016-12-22,Meadville,45,Cameron,43
2016-12-22,Miller Career Academy,75,Clayton,61
2016-12-22,MICDS,63,Duchesne,56
2016-12-22,Trinity Catholic,59,Francis Howell,70
2016-12-22,Whitfield,64,Francis Howell Central,52
2016-12-22,Liberty (Wentzville),75,Ft. Zumwalt North,61
2016-12-22,Prairie Home,44,Hallsville,81
2016-12-22,Lafayette (Wildwood),46,Holt,45
2016-12-22,Maryville,64,Kirksville,50
2016-12-22,Lift for Life Academy Charter,23,Maplewood-Richmond Hts.,68
2016-12-22,Rockwood Summit,30,Marquette,47
2016-12-22,Fair Grove,72,Mountain Grove,78
2016-12-22,Lutheran North,45,Parkway South,50
2016-12-22,De Smet Jesuit,51,SLUH,61
2016-12-22,Westminster Christian Academy,62,St. Charles,52
2016-12-22,Christian Brothers College,64,Vianney,53
2016-12-22,Bishop LeBlond,59,Winston,64
2016-12-23,Miller,26,Ash Grove,74
2016-12-23,Hermitage,69,Billings,50
2016-12-23,Verona,57,Chadwick,26
2016-12-23,Fordland,56,Fair Play,62
2016-12-23,Whitfield,64,Francis Howell Central,52
2016-12-23,Parkway Central,60,Ladue Horton Watkins,64
2016-12-23,Niangua,62,Liberal,58
2016-12-23,Trenton,50,Maryville,77
2016-12-23,Norborne,46,Newtown-Harris,30
2016-12-23,Sparta,50,Pierce City,60
2016-12-23,Sparta,60,Pleasant Hope,53
2016-12-23,Walnut Grove,68,Pleasant Hope,30
2016-12-23,South Harrison,18,Savannah,48
2016-12-23,Maryville,77,Trenton,50
2016-12-26,Meadow Heights,40,Advance,84
2016-12-26,Crossroads College Preparatory,27,Affton,73
2016-12-26,Clever,58,Aurora,31
2016-12-26,Hartville,78,Ava,40
2016-12-26,Liberty (Mountain View),70,Bakersfield,27
2016-12-26,Woodland,47,Bell City,51
2016-12-26,Portageville,31,Bernie,29
2016-12-26,Lift for Life Academy Charter,36,Bishop DuBourg,28
2016-12-26,Gideon,33,Bloomfield,70
2016-12-26,Duchesne,67,Brentwood,38
2016-12-26,Ozark,88,Buffalo,38
2016-12-26,Gainesville,34,Cabool,57
2016-12-26,Bolivar,74,Camdenton,47
2016-12-26,Galena,69,Cassville,48
2016-12-26,Notre Dame (Cape Girardeau),71,Chaffee,36
2016-12-26,Leopold,41,Charleston,79
2016-12-26,Lutheran North,69,Clayton,54
2016-12-26,Thayer,62,Couch,35
2016-12-26,Plato,57,Crocker,51
2016-12-26,Crystal City,50,DeSoto,92
2016-12-26,Holcomb,49,Dexter,101
2016-12-26,Puxico,54,Doniphan,78
2016-12-26,Eminence,64,Dora,40
2016-12-26,Twin Rivers,62,East Prairie,66
2016-12-26,Potosi,59,Festus,41
2016-12-26,Wheaton,38,Forsyth,76
2016-12-26,Westminster Christian Academy,49,Francis Howell,59
2016-12-26,Parkway Central,73,Francis Howell Central,68
2016-12-26,Hillsboro,63,Fredericktown,31
2016-12-26,Branson,59,Glendale,88
2016-12-26,Richland (Essex),41,Hayti,74
2016-12-26,Mountain Grove,65,Hollister,25
2016-12-26,Seymour,53,Houston,28
2016-12-26,Delta,21,Jackson,86
2016-12-26,Priory,62,John F. Kennedy,16
2016-12-26,Central (Cape Girardeau),79,Kelly,26
2016-12-26,Whitfield,64,Ladue Horton Watkins,66
2016-12-26,North Kansas City,79,Lee's Summit,75
2016-12-26,Summersville,20,Licking,63
2016-12-26,Stockton,39,Logan-Rogersville,63
2016-12-26,Van Buren,39,Malden,61
2016-12-26,Spokane,46,Mansfield,73
2016-12-26,Crane,55,Marshfield,58
2016-12-26,Orchard Farm,63,McCluer South-Berkeley,58
2016-12-26,Parkway South,66,Miller Career Academy,36
2016-12-26,Republic,71,Mt. Vernon,33
2016-12-26,Strafford,34,Nixa,60
2016-12-26,McKinley Classical Leadership,38,Normandy Collaborative,57
2016-12-26,South Iron,53,North County,60
2016-12-26,Winona,72,Norwood,66
2016-12-26,Scott County Central,72,Oak Ridge,35
2016-12-26,Scott City,44,Oran,67
2016-12-26,Willow Springs,50,Parkview,86
2016-12-26,MICDS,55,Pattonville,62
2016-12-26,Greenwood,60,Reeds Spring,51
2016-12-26,Springfield Catholic,72,Skyline,35
2016-12-26,Kennett,74,South Pemiscot,48
2016-12-26,Trinity Catholic,74,St. Charles,67
2016-12-26,Windsor (Imperial),80,University City,78
2016-12-26,Fair Grove,64,West Plains,59
2016-12-26,Lebanon,59,Willard,62
2016-12-27,Central (Cape Girardeau),45,Advance,60
2016-12-27,Lift for Life Academy Charter,52,Affton,68
2016-12-27,West County,88,Arcadia Valley,73
2016-12-27,Willow Springs,46,Aurora,50
2016-12-27,Skyline,65,Ava,72
2016-12-27,Dora,46,Bakersfield,50
2016-12-27,Holcomb,55,Bernie,87
2016-12-27,Crossroads College Preparatory,26,Bishop DuBourg,50
2016-12-27,Kearney,52,Blue Springs,59
2016-12-27,Fort Osage,48,Blue Springs South,54
2016-12-27,Willard,50,Bolivar,47
2016-12-27,Spokane,43,Branson,51
2016-12-27,St. Charles,63,Brentwood,41
2016-12-27,West Plains,59,Buffalo,39
2016-12-27,Thayer,71,Cabool,59
2016-12-27,Lebanon,62,Camdenton,49
2016-12-27,Exeter,29,Cassville,68
2016-12-27,Liberty North,45,Center,77
2016-12-27,Herculaneum,30,Central (Park Hills),64
2016-12-27,Miller,49,Chadwick,54
2016-12-27,Oak Ridge,58,Chaffee,29
2016-12-27,St. Pius X (Festus),29,Chaminade College Prep,100
2016-12-27,Calvary Lutheran,46,Chamois,58
2016-12-27,Oran,74,Charleston,76
2016-12-27,Francis Howell Central,60,Clayton,64
2016-12-27,Lincoln,81,Concordia,37
2016-12-27,Gainesville,66,Couch,57
2016-12-27,Mt. Vernon,58,Crane,37
2016-12-27,Summersville,36,Crocker,72
2016-12-27,South Iron,53,Crystal City,47
2016-12-27,Woodland,67,Delta,32
2016-12-27,Portageville,59,Dexter,65
2016-12-27,Newburg,58,Dixon,36
2016-12-27,Kennett,68,Doniphan,40
2016-12-27,Trinity Catholic,46,Duchesne,48
2016-12-27,Hayti,71,East Prairie,66
2016-12-27,Liberty (Mountain View),74,Eminence,61
2016-12-27,Iberia,74,Eugene,71
2016-12-27,Christian Brothers College,56,Eureka,53
2016-12-27,Viburnum,31,Farmington,70
2016-12-27,Carnahan,50,Fatima,37
2016-12-27,Fredericktown,50,Festus,71
2016-12-27,Ritenour,86,Francis Howell North,54
2016-12-27,Parkway North,49,Ft. Zumwalt South,67
2016-12-27,Holt,53,Ft. Zumwalt West,65
2016-12-27,McCluer South-Berkeley,54,Gateway,53
2016-12-27,Van Buren,50,Gideon,42
2016-12-27,Mansfield,64,Glendale,72
2016-12-27,Penney,53,Grain Valley,60
2016-12-27,Valle Catholic,62,Grandview (Hillsboro),41
2016-12-27,Fulton,66,Hannibal,54
2016-12-27,Springfield Catholic,46,Hartville,52
2016-12-27,Marquette,41,Hazelwood Central,79
2016-12-27,John Burroughs,57,Hazelwood West,53
2016-12-27,Stockton,47,Hollister,63
2016-12-27,Norwood,49,Houston,53
2016-12-27,Bell City,42,Jackson,67
2016-12-27,New Bloomfield,45,Jamestown,49
2016-12-27,Vianney,55,Jennings,46
2016-12-27,Meadow Heights,56,Kelly,51
2016-12-27,Polo,34,King City,41
2016-12-27,Zalma,60,Kingston,51
2016-12-27,Lindbergh,49,Kirkwood,42
2016-12-27,North Andrew,62,La Plata,55
2016-12-27,St. Mary's South Side,56,Lafayette (Wildwood),45
2016-12-27,Smithville,31,Lee's Summit West,65
2016-12-27,Scott City,84,Leopold,30
2016-12-27,Plato,34,Licking,66
2016-12-27,Park Hill South,81,Lincoln College Prep,62
2016-12-27,Kearney,40,Lincoln College Prep,54
2016-12-27,Battle,67,Linn,35
2016-12-27,Mountain Grove,40,Logan-Rogersville,44
2016-12-27,Bloomfield,57,Malden,51
2016-12-27,Jefferson (Festus),86,Marquand-Zion,29
2016-12-27,Sweet Springs,35,Marshall,63
2016-12-27,Republic,53,Marshfield,17
2016-12-27,Gateway Science Charter,53,McCluer South-Berkeley,54
2016-12-27,Sumner,73,Metro,39
2016-12-27,Greenwood,61,Nixa,70
2016-12-27,Princeton,71,Norborne,45
2016-12-27,McCluer North,64,Normandy Collaborative,50
2016-12-27,Metro,25,Normandy Collaborative,42
2016-12-27,Van Horn,60,Oak Grove,72
2016-12-27,Rockhurst,58,Oak Park,67
2016-12-27,St. Elizabeth,66,Otterville,72
2016-12-27,Fair Grove,53,Ozark,55
2016-12-27,East (Kansas City),34,Park Hill,73
2016-12-27,Clever,51,Parkview,63
2016-12-27,Lutheran North,54,Parkway Central,66
2016-12-27,De Smet Jesuit,51,Parkway West,43
2016-12-27,Ste. Genevieve,55,Perryville,60
2016-12-27,South Pemiscot,60,Puxico,67
2016-12-27,Winnetonka,35,Raytown,72
2016-12-27,Strafford,51,Reeds Spring,58
2016-12-27,McKinley Classical Leadership,62,Roosevelt,44
2016-12-27,Notre Dame (Cape Girardeau),64,Scott County Central,57
2016-12-27,Winona,68,Seymour,61
2016-12-27,Lutheran St. Charles,68,Sikeston,100
2016-12-27,Lutheran South,63,Soldan International Studies,66
2016-12-27,Wheaton,40,Southwest (Washburn),47
2016-12-27,Webster Groves,66,St. Charles West,32
2016-12-27,St. Paul Lutheran (Farmington),34,St. Vincent,68
2016-12-27,Versailles,73,Stover,69
2016-12-27,St. Dominic,47,Timberland,60
2016-12-27,SLUH,47,Troy Buchanan,31
2016-12-27,Richland (Essex),37,Twin Rivers,60
2016-12-27,John F. Kennedy,28,University City,77
2016-12-27,Priory,72,Windsor (Imperial),42
2016-12-28,Jackson,46,Advance,56
2016-12-28,Priory,60,Affton,62
2016-12-28,Herculaneum,54,Arcadia Valley,65
2016-12-28,Verona,66,Ash Grove,72
2016-12-28,Mt. Vernon,54,Aurora,51
2016-12-28,Branson,48,Ava,45
2016-12-28,Gainesville,67,Bakersfield,65
2016-12-28,Central (Cape Girardeau),80,Bell City,54
2016-12-28,Puxico,56,Bernie,73
2016-12-28,Fordland,73,Billings,63
2016-12-28,Mountain Grove,68,Bolivar,70
2016-12-28,Eminence,75,Cabool,78
2016-12-28,Battle,72,Carnahan,75
2016-12-28,West County,47,Central (Park Hills),65
2016-12-28,Raymore-Peculiar,58,Central (St. Joseph),65
2016-12-28,Confluence Prep Academy Charter,49,Centralia,67
2016-12-28,Miller,49,Chadwick,54
2016-12-28,John Burroughs,42,Chaminade College Prep,77
2016-12-28,Notre Dame (Cape Girardeau),64,Charleston,73
2016-12-28,Rich Hill,45,Cole Camp,50
2016-12-28,Houston,61,Crocker,72
2016-12-28,John F. Kennedy,58,Crossroads College Preparatory,26
2016-12-28,North County,63,DeSoto,74
2016-12-28,Kennett,39,Dexter,42
2016-12-28,Eugene,62,Dixon,43
2016-12-28,Portageville,72,Doniphan,64
2016-12-28,Liberty North,71,East (Kansas City),29
2016-12-28,Chillicothe,38,East Buchanan,47
2016-12-28,Malden,71,East Prairie,63
2016-12-28,Marquette,40,Eureka,59
2016-12-28,Greenwood,46,Fair Grove,52
2016-12-28,Hermitage,68,Fair Play,63
2016-12-28,Perryville,66,Farmington,75
2016-12-28,Linn,54,Fatima,61
2016-12-28,Pattonville,62,Francis Howell,69
2016-12-28,Lutheran South,74,Francis Howell North,64
2016-12-28,Timberland,57,Ft. Zumwalt South,62
2016-12-28,Sikeston,80,Ft. Zumwalt West,60
2016-12-28,Normandy Collaborative,62,Gateway,68
2016-12-28,Hale with Bosworth,57,Gilman City with North Daviess,54
2016-12-28,Hartville,70,Glendale,83
2016-12-28,Marquand-Zion,29,Grandview (Hillsboro),69
2016-12-28,Bloomfield,58,Hayti,62
2016-12-28,Christian Brothers College,62,Hazelwood Central,63
2016-12-28,St. Pius X (Festus),40,Hazelwood West,60
2016-12-28,Waynesville,52,Hickman,57
2016-12-28,Potosi,62,Hillsboro,94
2016-12-28,Warrensburg,34,Hogan Prep Academy Charter,66
2016-12-28,Lebanon,70,Hollister,48
2016-12-28,Lutheran St. Charles,66,Holt,53
2016-12-28,Liberal,53,Hurley,63
2016-12-28,Newburg,64,Iberia,43
2016-12-28,Troy Buchanan,46,Jennings,50
2016-12-28,St. Paul Lutheran (Farmington),36,Kingston,50
2016-12-28,Savannah,47,Kirksville,41
2016-12-28,Lafayette (Wildwood),61,Kirkwood,49
2016-12-28,Macks Creek,39,Knob Noster,44
2016-12-28,Parkway South,64,Ladue Horton Watkins,77
2016-12-28,William Chrisman,46,Lee's Summit,56
2016-12-28,North Kansas City,79,Lee's Summit,75
2016-12-28,Lathrop,72,Lexington,44
2016-12-28,William Chrisman,43,Liberty,59
2016-12-28,Thayer,45,Liberty (Mountain View),36
2016-12-28,Winona,38,Licking,62
2016-12-28,Kearney,40,Lincoln College Prep,54
2016-12-28,St. Mary's South Side,65,Lindbergh,48
2016-12-28,Willard,32,Logan-Rogersville,31
2016-12-28,Springfield Catholic,57,Mansfield,60
2016-12-28,Clever,45,Marshfield,46
2016-12-28,McKinley Classical Leadership,19,McCluer South-Berkeley,71
2016-12-28,Woodland,52,Meadow Heights,70
2016-12-28,Rockwood Summit,66,Mehlville,59
2016-12-28,Roosevelt,58,Metro,38
2016-12-28,Pacific,49,Mexico,43
2016-12-28,Westminster Christian Academy,55,MICDS,64
2016-12-28,University Academy Charter,50,Mid-Buchanan,62
2016-12-28,Whitfield,51,Miller Career Academy,53
2016-12-28,Bishop LeBlond,48,Northeast (Kansas City),46
2016-12-28,Scott City,89,Oak Ridge,59
2016-12-28,O'Hara,55,Odessa,60
2016-12-28,Scott County Central,61,Oran,45
2016-12-28,Nixa,47,Ozark,59
2016-12-28,Hallsville,66,Palmyra,56
2016-12-28,Republic,47,Parkview,36
2016-12-28,St. Dominic,32,Parkway North,53
2016-12-28,St. Charles West,38,Parkway West,44
2016-12-28,Walnut Grove,70,Pierce City,56
2016-12-28,Seymour,53,Plato,68
2016-12-28,Sparta,62,Pleasant Hope,53
2016-12-28,West Plains,44,Reeds Spring,64
2016-12-28,Soldan International Studies,74,Ritenour,80
2016-12-28,Liberty (Wentzville),34,Rolla,48
2016-12-28,Vianney,45,SLUH,58
2016-12-28,Rockhurst,82,Smithville,50
2016-12-28,Viburnum,36,Ste. Genevieve,66
2016-12-28,Eldon,30,Steelville,62
2016-12-28,Grandview,66,Truman,38
2016-12-28,Van Buren,49,Twin Rivers,62
2016-12-28,John Burroughs,44,University City,54
2016-12-28,Bishop DuBourg,44,University City,54
2016-12-28,Jefferson (Festus),30,Valle Catholic,64
2016-12-28,De Smet Jesuit,65,Webster Groves,75
2016-12-28,Lift for Life Academy Charter,48,Windsor (Imperial),65
2016-12-28,Fort Osage,62,Winnetonka,63
2016-12-28,St. Vincent,70,Zalma,52
2016-12-29,Ste. Genevieve,65,Arcadia Valley,61
2016-12-29,Kennett,53,Bloomfield,41
2016-12-29,Park Hill South,60,Blue Springs,65
2016-12-29,Raytown,70,Blue Springs South,62
2016-12-29,Fair Grove,41,Bolivar,56
2016-12-29,Plato,83,Cabool,66
2016-12-29,Southwest (Washburn),60,Cassville,65
2016-12-29,Exeter,30,Cassville,68
2016-12-29,Park Hill,54,Center,42
2016-12-29,Grandview,42,Central (St. Joseph),46
2016-12-29,University Academy Charter,44,Chillicothe,55
2016-12-29,Gainesville,58,Crocker,72
2016-12-29,Vianney,49,De Smet Jesuit,52
2016-12-29,Hillsboro,70,DeSoto,61
2016-12-29,Hayti,34,Dexter,57
2016-12-29,Linn,56,Dixon,43
2016-12-29,Mid-Buchanan,48,East Buchanan,38
2016-12-29,Fatima,70,Eugene,63
2016-12-29,Lafayette (Wildwood),48,Eureka,34
2016-12-29,Wheaton,54,Exeter,46
2016-12-29,Central (Park Hills),30,Farmington,45
2016-12-29,South Iron,44,Festus,55
2016-12-29,Sparta,43,Fordland,48
2016-12-29,Ladue Horton Watkins,76,Francis Howell,56
2016-12-29,St. Pius X (Festus),38,Francis Howell North,59
2016-12-29,Sikeston,68,Ft. Zumwalt South,61
2016-12-29,Timberland,53,Ft. Zumwalt West,42
2016-12-29,Roosevelt,56,Gateway,69
2016-12-29,Republic,74,Glendale,50
2016-12-29,Kingston,49,Grandview (Hillsboro),47
2016-12-29,St. Mary's South Side,58,Hazelwood Central,64
2016-12-29,Lutheran South,74,Hazelwood West,67
2016-12-29,Hogan Prep Academy Charter,76,Hickman,43
2016-12-29,Van-Far,38,Highland,70
2016-12-29,St. Dominic,49,Holt,45
2016-12-29,Battle,93,Iberia,60
2016-12-29,Father Tolton,70,Jefferson City,57
2016-12-29,Parkway West,42,Jennings,50
2016-12-29,Marquette,48,Kirkwood,55
2016-12-29,Lutie,46,Koshkonong,63
2016-12-29,William Chrisman,46,Lee's Summit,56
2016-12-29,Oak Park,47,Lee's Summit West,66
2016-12-29,Mexico,41,Liberty,60
2016-12-29,North Kansas City,65,Liberty,58
2016-12-29,Winona,57,Liberty (Mountain View),62
2016-12-29,Thayer,40,Licking,47
2016-12-29,Christian Brothers College,53,Lindbergh,46
2016-12-29,Nixa,55,Logan-Rogersville,46
2016-12-29,Portageville,50,Malden,52
2016-12-29,St. Paul Lutheran (Farmington),59,Marquand-Zion,34
2016-12-29,Richmond,41,Marshall,51
2016-12-29,Mansfield,68,Marshfield,66
2016-12-29,Rock Port,49,Mercer,64
2016-12-29,Normandy Collaborative,70,Metro,10
2016-12-29,Liberty (Wentzville),60,Mexico,41
2016-12-29,South Holt,56,Milan,43
2016-12-29,MICDS,59,Miller Career Academy,62
2016-12-29,Branson,33,Mt. Vernon,56
2016-12-29,Carnahan,45,Newburg,39
2016-12-29,Wellsville-Middletown,72,North Callaway,60
2016-12-29,Potosi,58,North County,66
2016-12-29,Plattsburg,36,Northeast (Kansas City),46
2016-12-29,Union Star,50,Northeast Nodaway,66
2016-12-29,Willard,46,Ozark,54
2016-12-29,Hartville,57,Parkview,70
2016-12-29,Duchesne,65,Parkway Central,51
2016-12-29,Lutheran St. Charles,69,Parkway North,65
2016-12-29,Pattonville,64,Parkway South,54
2016-12-29,West County,67,Perryville,69
2016-12-29,Vashon,85,Poplar Bluff,60
2016-12-29,Truman,48,Raymore-Peculiar,42
2016-12-29,Lebanon,45,Reeds Spring,61
2016-12-29,Chaminade College Prep,90,Ritenour,73
2016-12-29,Pacific,35,Rolla,51
2016-12-29,John Burroughs,46,Soldan International Studies,59
2016-12-29,South Shelby,61,South Callaway,54
2016-12-29,Milan,43,South Holt,56
2016-12-29,Salisbury,54,Southern Boone,55
2016-12-29,Troy Buchanan,48,St. Charles West,53
2016-12-29,Valle Catholic,71,St. Vincent,77
2016-12-29,McKinley Classical Leadership,65,Sumner,53
2016-12-29,Bernie,53,Twin Rivers,60
2016-12-29,Waynesville,50,Warrensburg,43
2016-12-29,SLUH,49,Webster Groves,48
2016-12-29,Jefferson (Festus),62,Zalma,72
2016-12-30,Charleston,66,Advance,60
2016-12-30,Eldon,25,Blair Oaks,69
2016-12-30,Lee's Summit West,71,Blue Springs,48
2016-12-30,Center,43,Blue Springs South,50
2016-12-30,Palmyra,55,Boonville,62
2016-12-30,Smithton (Columbia),73,Bunceton,42
2016-12-30,Smithton,73,Bunceton,42
2016-12-30,Scott County Central,53,Central (Cape Girardeau),71
2016-12-30,North Kansas City,47,Central (St. Joseph),52
2016-12-30,Moberly,58,Centralia,30
2016-12-30,Northeast (Kansas City),65,Chillicothe,58
2016-12-30,De Smet Jesuit,52,Christian Brothers College,57
2016-12-30,Central (Park Hills),70,DeSoto,39
2016-12-30,Bishop LeBlond,35,East Buchanan,31
2016-12-30,Wheaton,58,Exeter,50
2016-12-30,Pierce City,43,Fair Play,40
2016-12-30,Hillsboro,45,Farmington,49
2016-12-30,Ste. Genevieve,43,Festus,58
2016-12-30,Versailles,61,Hallsville,83
2016-12-30,North Harrison,36,Hardin-Central,56
2016-12-30,New Haven,64,Harrisburg,71
2016-12-30,Webster Groves,54,Hazelwood Central,69
2016-12-30,McCluer North,54,Hazelwood East,32
2016-12-30,Walnut Grove,85,Hermitage,65
2016-12-30,Pacific,44,Hickman,62
2016-12-30,Rolla,78,Hogan Prep Academy Charter,94
2016-12-30,Notre Dame (Cape Girardeau),47,Jackson,41
2016-12-30,Lafayette (Wildwood),57,Jennings,62
2016-12-30,Ruskin,71,Lafayette (St. Joseph),79
2016-12-30,Lexington,49,Lawson,51
2016-12-30,Truman,61,Lee's Summit,69
2016-12-30,Grandview,54,Liberty,51
2016-12-30,Rockhurst,64,Lincoln College Prep,62
2016-12-30,Jefferson (Conception),42,Maryville,74
2016-12-30,Scott City,68,Meadow Heights,75
2016-12-30,Warrensburg,57,Mexico,27
2016-12-30,Perryville,40,North County,65
2016-12-30,Otterville,66,Northwest (Hughesville),51
2016-12-30,Park Hill South,67,Oak Park,36
2016-12-30,California,66,Osage,67
2016-12-30,Raytown,54,Park Hill,58
2016-12-30,University Academy Charter,63,Plattsburg,56
2016-12-30,South Holt,53,Polo,45
2016-12-30,Chamois,47,Prairie Home,54
2016-12-30,Father Tolton,83,Raytown South,80
2016-12-30,Southwest (Livingston County) with Breckenridge,58,Rock Port,69
2016-12-30,Kingsville,59,Slater,48
2016-12-30,St. Mary's South Side,60,SLUH,57
2016-12-30,Warsaw,31,Southern Boone,71
2016-12-30,Liberty (Wentzville),48,Waynesville,50
2016-12-30,Westran,42,Wellsville-Middletown,54
2016-12-30,Liberty North,58,Winnetonka,51
2016-12-31,Winston,59,Green City,37
2016-12-31,Santa Fe,52,Mercer,37
2016-12-31,Lift for Life Academy Charter,58,Principia,50
2017-01-02,Meadville,45,Bevier,17
2017-01-02,St. Vincent,89,Bismarck,76
2017-01-02,School of the Ozarks,76,Bradleyville,69
2017-01-02,Naylor,40,Campbell,65
2017-01-02,Pleasant Hope,61,Chadwick,39
2017-01-02,Tipton,55,Fayette,77
2017-01-02,Purdy,67,Greenfield,64
2017-01-02,McAuley Catholic,70,Jasper,48
2017-01-02,Barat Academy,38,John F. Kennedy,34
2017-01-02,Smithville,29,Kearney,60
2017-01-02,Osceola,43,Lincoln,73
2017-01-02,North Pemiscot,35,Neelyville,73
2017-01-02,Prairie Home,58,New Franklin,66
2017-01-02,Hazelwood East,71,Normandy Collaborative,56
2017-01-02,South Callaway,58,North Callaway,60
2017-01-02,Van-Far,76,Northeast (Cairo),46
2017-01-02,Linn,37,Owensville,36
2017-01-02,Marceline,54,Schuyler County,52
2017-01-02,Delta (Deering),57,South Pemiscot,81
2017-01-03,North Andrew,70,Albany,11
2017-01-03,Koshkonong,43,Bakersfield,46
2017-01-03,Butler,48,Barstow,73
2017-01-03,Chaffee,58,Bismarck,61
2017-01-03,Mexico,62,Bowling Green,43
2017-01-03,School of the Ozarks,76,Bradleyville,69
2017-01-03,King City,41,Braymer,49
2017-01-03,Lathrop,74,Breckenridge,33
2017-01-03,Lift for Life Academy Charter,38,Brentwood,47
2017-01-03,Northwest (Hughesville),66,Bunceton,59
2017-01-03,Mansfield,71,Cabool,54
2017-01-03,Aurora,61,Carl Junction,52
2017-01-03,Wellington-Napoleon,60,Carrollton,44
2017-01-03,O'Hara,56,Center,73
2017-01-03,Hillsboro,56,Central (Park Hills),39
2017-01-03,Republic,57,Central (Springfield),20
2017-01-03,Montgomery County,66,Centralia,33
2017-01-03,Doniphan,44,Charleston,66
2017-01-03,Blue Eye,21,Clever,62
2017-01-03,Barat Academy,49,Clopton,62
2017-01-03,Russellville,48,Cole Camp,68
2017-01-03,Scott County Central,83,Cooter,47
2017-01-03,Archie,32,Crest Ridge,65
2017-01-03,Mid-Buchanan,54,Cristo Rey,35
2017-01-03,West County,69,Crystal City,33
2017-01-03,Tarkio with Fairfax,62,DeKalb,27
2017-01-03,Neosho,67,East Newton,50
2017-01-03,Warrenton,47,Elsberry,43
2017-01-03,Conway,54,Fair Grove,67
2017-01-03,St. Elizabeth,64,Fatima,70
2017-01-03,Union,68,Festus,67
2017-01-03,Spokane,39,Fordland,53
2017-01-03,Billings,64,Forsyth,74
2017-01-03,Ft. Zumwalt South,50,Francis Howell Central,51
2017-01-03,Ft. Zumwalt East,47,Ft. Zumwalt West,56
2017-01-03,Boonville,55,Fulton,62
2017-01-03,East Buchanan,48,Gallatin,40
2017-01-03,Green City,67,Gilman City with North Daviess,47
2017-01-03,Macon County,32,Glasgow,84
2017-01-03,Stoutland,68,Green Ridge,41
2017-01-03,Sarcoxie,32,Greenfield,68
2017-01-03,Lesterville,50,Greenville,79
2017-01-03,Grundy County with Newtown-Harris,47,Hale with Bosworth,73
2017-01-03,Hurley,49,Halfway,31
2017-01-03,Liberty (Wentzville),64,Hannibal,51
2017-01-03,University Academy Charter,43,Harrisonville,63
2017-01-03,St. Paul Lutheran (Farmington),36,Herculaneum,49
2017-01-03,Belle,41,Hermann,66
2017-01-03,Battle,55,Hickman,65
2017-01-03,Knox County,65,Highland,34
2017-01-03,South Pemiscot,83,Holcomb,48
2017-01-03,Veritas Christian Academy,44,Holt,57
2017-01-03,Eugene,64,Iberia,46
2017-01-03,Russellville,23,Jamestown,81
2017-01-03,South Holt,44,Jefferson (Conception),56
2017-01-03,St. Vincent,60,Jefferson (Festus),47
2017-01-03,Lutheran North,42,Jennings,67
2017-01-03,Westminster Christian Academy,54,John Burroughs,44
2017-01-03,Central (New Madrid County),61,Kennett,67
2017-01-03,Northwestern (Mendon),66,Keytesville,49
2017-01-03,Lincoln,73,Kingsville,30
2017-01-03,Marshall,28,Kirksville,55
2017-01-03,Santa Fe,53,Knob Noster,38
2017-01-03,Maryville,63,Lafayette (St. Joseph),59
2017-01-03,Concordia,52,Lafayette County,67
2017-01-03,Wheatland,76,Lakeland,66
2017-01-03,Chillicothe,31,Lawson,43
2017-01-03,Meadow Heights,72,Leopold,21
2017-01-03,St. Paul Lutheran (Concordia),55,Lexington,50
2017-01-03,Hartville,58,Licking,54
2017-01-03,Brentwood,47,Lift for Life Academy Charter,38
2017-01-03,Brunswick,28,Linn County,61
2017-01-03,Diamond,61,Lockwood,53
2017-01-03,Walnut Grove,58,Logan-Rogersville,74
2017-01-03,Wright City,24,Louisiana,60
2017-01-03,Climax Springs,44,Macks Creek,54
2017-01-03,Clark County,56,Macon,35
2017-01-03,Salisbury,61,Madison,33
2017-01-03,Caruthersville,60,Malden,51
2017-01-03,Parkway West,42,Marquette,40
2017-01-03,North Platte,31,Maysville,49
2017-01-03,Southwest (Livingston County) with Breckenridge,38,Mercer,54
2017-01-03,Lutheran South,53,MICDS,65
2017-01-03,South Shelby,41,Milan,39
2017-01-03,McAuley Catholic,48,Miller,45
2017-01-03,Higbee,50,Missouri School for the Deaf,30
2017-01-03,Helias Catholic,67,Moberly,54
2017-01-03,Silex,15,Monroe City,65
2017-01-03,Chilhowee,54,Montrose,80
2017-01-03,New Bloomfield,61,New Haven,50
2017-01-03,Tina-Avalon,23,Norborne,28
2017-01-03,Windsor (Imperial),52,North County,60
2017-01-03,Marion C. Early,45,Norwood,35
2017-01-03,North Shelby,40,Novinger,54
2017-01-03,Parkway South,64,Oakville,48
2017-01-03,Bernie,40,Oran,58
2017-01-03,Transportation and Law,82,Orchard Farm,59
2017-01-03,Plattsburg,74,Orrick,38
2017-01-03,Stewartsville with Osborn,75,Osborn,24
2017-01-03,Windsor,54,Osceola,40
2017-01-03,Canton,58,Palmyra,42
2017-01-03,Mark Twain,38,Paris with Faith Walk,46
2017-01-03,Liberal,39,Pierce City,59
2017-01-03,Sweet Springs,58,Pilot Grove,61
2017-01-03,Seymour,53,Plato,65
2017-01-03,Farmington,63,Poplar Bluff,67
2017-01-03,Brookfield,50,Putnam County,80
2017-01-03,Monett,37,Reeds Spring,57
2017-01-03,Holden,58,Rich Hill,70
2017-01-03,Houston,49,Richland,66
2017-01-03,Woodland,64,Richland (Essex),45
2017-01-03,Penney,51,Richmond,43
2017-01-03,Francis Howell,65,Ritenour,72
2017-01-03,De Smet Jesuit,43,Rock Bridge,62
2017-01-03,North Nodaway,47,Rock Port,56
2017-01-03,La Monte,35,Sacred Heart,93
2017-01-03,Bourbon,59,Salem,73
2017-01-03,Twin Rivers,49,Saxony Lutheran,62
2017-01-03,Advance,80,Scott City,47
2017-01-03,Hayti,72,Senath-Hornersville,63
2017-01-03,Nevada,65,Seneca,56
2017-01-03,Miami (Amoret),44,Sheldon,57
2017-01-03,El Dorado Springs,44,Skyline,65
2017-01-03,Chamois,49,South Callaway,45
2017-01-03,North Harrison,31,South Harrison,61
2017-01-03,Marquand-Zion,32,South Iron,76
2017-01-03,Mound City,63,South Nodaway with Jefferson (Conception),61
2017-01-03,Galena,44,Sparta,56
2017-01-03,Parkway Central,53,St. Charles,51
2017-01-03,Northwest (Cedar Hill),59,St. Clair,61
2017-01-03,Ladue Horton Watkins,63,St. Francis Borgia,69
2017-01-03,Crocker,73,St. James,91
2017-01-03,Pattonsburg,42,St. Joseph Christian,39
2017-01-03,Duchesne,49,St. Mary's South Side,64
2017-01-03,Central (Cape Girardeau),47,Ste. Genevieve,44
2017-01-03,Cuba,42,Steelville,70
2017-01-03,Lamar,72,Stockton,49
2017-01-03,Laquey,61,Stover,65
2017-01-03,Alton,47,Thayer,62
2017-01-03,Winston,71,Tri-County,19
2017-01-03,West Nodaway with Nodaway-Holt,47,Union Star,31
2017-01-03,Harrisonville,63,University Academy Charter,43
2017-01-03,St. Pius X (Festus),66,Valle Catholic,63
2017-01-03,Marionville,77,Verona,29
2017-01-03,St. Charles West,45,Vianney,57
2017-01-03,Calvary Lutheran,70,Vienna,63
2017-01-03,Hermitage,67,Weaubleau,37
2017-01-03,Winfield,53,Wellsville-Middletown,67
2017-01-03,Kickapoo,84,West Plains,37
2017-01-03,Sturgeon,53,Westran,35
2017-01-03,New Heights Christian,56,Wheaton,58
2017-01-03,Maplewood-Richmond Hts.,44,Whitfield,65
2017-01-03,Clearwater,49,Winona,80
2017-01-03,Stanberry,48,Worth County,60
2017-01-03,Bell City,63,Zalma,21
2017-01-04,Hallsville,73,Blair Oaks,74
2017-01-04,Northeast (Cairo),53,Community,42
2017-01-04,Guadalupe Centers Charter,39,Cristo Rey,62
2017-01-04,Lift for Life Academy Charter,71,Crossroads College Preparatory,27
2017-01-04,North County,47,DeSoto,49
2017-01-04,Versailles,72,Eldon,58
2017-01-04,Platte County,46,Grandview,65
2017-01-04,Gateway Science Charter,44,Hancock,76
2017-01-04,Veritas Christian Academy,65,Hannibal,63
2017-01-04,Richmond,64,Holden,41
2017-01-04,Drexel,66,Hume,26
2017-01-04,McCluer,58,Lafayette (Wildwood),50
2017-01-04,Northland Christian,52,Lathrop,75
2017-01-04,Rich Hill,52,Lutheran (Kansas City),67
2017-01-04,Meadville,38,Marceline,39
2017-01-04,North Platte,40,North Andrew,68
2017-01-04,Tipton,42,Prairie Home,54
2017-01-04,Eureka,63,Rockwood Summit,55
2017-01-04,Bevier,35,Schuyler County,50
2017-01-04,Clayton,65,Seckman,33
2017-01-04,Osage,64,Southern Boone,73
2017-01-04,Saxony Lutheran,43,St. Pius X (Festus),28
2017-01-04,O'Hara,63,St. Pius X (Kansas City),67
2017-01-04,Battle,44,Van-Far,52
2017-01-04,California,63,Warsaw,32
2017-01-04,Sweet Springs,51,Westran,50
2017-01-05,Sheldon,53,Archie,70
2017-01-05,North Shelby,65,Atlanta,21
2017-01-05,Southwest (Washburn),58,Blue Eye,51
2017-01-05,Cuba,60,Bourbon,47
2017-01-05,Highland,49,Bowling Green,39
2017-01-05,Keytesville,62,Breckenridge,33
2017-01-05,Clark County,66,Canton,52
2017-01-05,Duchesne,66,Carl Junction,41
2017-01-05,Knob Noster,60,Carrollton,50
2017-01-05,Springfield Catholic,65,Central (Springfield),52
2017-01-05,Bishop LeBlond,38,Chillicothe,55
2017-01-05,Senath-Hornersville,52,Cooter,58
2017-01-05,Fair Play,61,Dadeville,30
2017-01-05,Risco,74,East Prairie,69
2017-01-05,Warsaw,44,Eldon,52
2017-01-05,Ft. Zumwalt East,69,Elsberry,39
2017-01-05,New Franklin,53,Fayette,48
2017-01-05,Webb City,53,Francis Howell,66
2017-01-05,Warrenton,57,Ft. Zumwalt West,66
2017-01-05,South Shelby,50,Glasgow,71
2017-01-05,Jefferson City,67,Glendale,91
2017-01-05,Northwestern (Mendon),69,Grundy County with Newtown-Harris,37
2017-01-05,Veritas Christian Academy,65,Hannibal,63
2017-01-05,Pattonville,69,Hazelwood East,44
2017-01-05,Liberty (Wentzville),76,Holt,70
2017-01-05,Marion C. Early,58,Humansville,25
2017-01-05,Miller,46,Jasper,57
2017-01-05,South Nodaway with Jefferson (Conception),33,Jefferson (Conception),56
2017-01-05,William Chrisman,47,Joplin,49
2017-01-05,Otterville,64,Kingsville,48
2017-01-05,Lincoln,73,Kingsville,30
2017-01-05,Leeton,73,La Monte,61
2017-01-05,St. Paul Lutheran (Concordia),48,Lafayette County,53
2017-01-05,Helias Catholic,81,Lebanon,74
2017-01-05,Concordia,62,Lexington,72
2017-01-05,New Heights Christian,45,Liberal,44
2017-01-05,Crest Ridge,50,Lone Jack,51
2017-01-05,Wellsville-Middletown,51,Louisiana,56
2017-01-05,Palmyra,58,Macon,37
2017-01-05,Milan,53,Macon County,19
2017-01-05,Mark Twain,42,Madison,40
2017-01-05,North Technical,71,Maplewood-Richmond Hts.,62
2017-01-05,Brashear,21,Marion County,55
2017-01-05,Reeds Spring,45,Marionville,50
2017-01-05,Boonville,73,Marshall,66
2017-01-05,Knox County,49,Mexico,36
2017-01-05,Clopton,57,Monroe City,54
2017-01-05,Clarkton,75,Naylor,72
2017-01-05,South Pemiscot,87,North Pemiscot,73
2017-01-05,Smithton,69,Otterville,57
2017-01-05,Salisbury,58,Paris with Faith Walk,23
2017-01-05,Sturgeon,70,Pilot Grove,39
2017-01-05,McKinley Classical Leadership,53,Principia,59
2017-01-05,Sarcoxie,40,Purdy,62
2017-01-05,Polo,53,Putnam County,77
2017-01-05,Wellington-Napoleon,76,Santa Fe,66
2017-01-05,Cameron,51,Savannah,52
2017-01-05,Barat Academy,45,Silex,40
2017-01-05,Benton,72,Smithville,59
2017-01-05,Norborne,43,Southwest (Livingston County) with Breckenridge,57
2017-01-05,Central (Springfield),52,Springfield Catholic,65
2017-01-05,Notre Dame (Cape Girardeau),50,Sullivan,41
2017-01-05,Sherwood,48,Summit Christian Academy,85
2017-01-05,Winston,51,Tina-Avalon,27
2017-01-05,Calhoun,62,Wentworth Military Academy,52
2017-01-05,Wright City,30,Winfield,34
2017-01-06,Liberal,40,Adrian,60
2017-01-06,Bernie,51,Advance,69
2017-01-06,King City,50,Albany,22
2017-01-06,Miami (Amoret),15,Appleton City,58
2017-01-06,West County,70,Arcadia Valley,55
2017-01-06,Sheldon,53,Ballard,48
2017-01-06,Van Horn,47,Barstow,64
2017-01-06,Ruskin,39,Belton,42
2017-01-06,New Covenant Academy,51,Billings,67
2017-01-06,Chadwick,42,Blue Eye,80
2017-01-06,Kickapoo,64,Blue Springs South,63
2017-01-06,Republic,35,Bolivar,40
2017-01-06,Montrose,69,Bronaugh,54
2017-01-06,Logan-Rogersville,79,Buffalo,49
2017-01-06,Seymour,48,Cabool,65
2017-01-06,Hume,42,Calhoun,62
2017-01-06,Parkview,66,Camdenton,36
2017-01-06,Trinity Catholic,55,Cardinal Ritter,67
2017-01-06,Lebanon,56,Carl Junction,62
2017-01-06,Concordia,45,Carrollton,57
2017-01-06,Portageville,45,Caruthersville,67
2017-01-06,Warrensburg,35,Center,72
2017-01-06,Ste. Genevieve,45,Central (Park Hills),58
2017-01-06,New Bloomfield,71,Centralia,52
2017-01-06,Vianney,41,Chaminade College Prep,73
2017-01-06,Sikeston,84,Charleston,61
2017-01-06,Hazelwood Central,43,Christian Brothers College,57
2017-01-06,Ellington,76,Clearwater,38
2017-01-06,Willard,53,Clever,29
2017-01-06,Humansville,44,Climax Springs,58
2017-01-06,Stoutland,45,Cole Camp,63
2017-01-06,Madison,49,Community,36
2017-01-06,Conway,58,Crane,52
2017-01-06,St. Vincent,73,Crystal City,49
2017-01-06,SLUH,48,De Smet Jesuit,35
2017-01-06,Nodaway-Holt,68,DeKalb,28
2017-01-06,Zalma,66,Delta,56
2017-01-06,Woodland,63,Dexter,64
2017-01-06,Seneca,68,Diamond,67
2017-01-06,Twin Rivers,60,Doniphan,61
2017-01-06,Helias Catholic,75,Duchesne,67
2017-01-06,Viburnum,51,East Carter,60
2017-01-06,Marionville,55,East Newton,46
2017-01-06,Bloomfield,72,East Prairie,39
2017-01-06,Lockwood,52,El Dorado Springs,68
2017-01-06,Mehlville,52,Eureka,62
2017-01-06,Golden City,41,Everton,74
2017-01-06,Lakeland,44,Fair Play,77
2017-01-06,North County,31,Farmington,61
2017-01-06,Sacred Heart,48,Father Tolton,61
2017-01-06,Windsor (Imperial),48,Festus,53
2017-01-06,Fordland,73,Forsyth,71
2017-01-06,Truman,62,Fort Osage,70
2017-01-06,Timberland,62,Francis Howell Central,42
2017-01-06,Potosi,79,Fredericktown,51
2017-01-06,St. Charles,68,Ft. Zumwalt South,79
2017-01-06,Francis Howell,53,Glendale,73
2017-01-06,St. Pius X (Festus),61,Grandview,51
2017-01-06,Russellville,61,Green Ridge,73
2017-01-06,Jasper,27,Greenfield,65
2017-01-06,Brunswick,61,Hale with Bosworth,58
2017-01-06,Dadeville,49,Halfway,59
2017-01-06,Bayless,38,Hancock,79
2017-01-06,Tina-Avalon,28,Hardin-Central,35
2017-01-06,Scotland County,69,Harrisburg,85
2017-01-06,Excelsior Springs,65,Harrisonville,59
2017-01-06,Willow Springs,40,Hartville,68
2017-01-06,Central (New Madrid County),70,Hayti,74
2017-01-06,South Callaway,54,Hermann,62
2017-01-06,Walnut Grove,66,Hermitage,64
2017-01-06,Waynesville,40,Hillcrest,53
2017-01-06,Campbell,64,Holcomb,50
2017-01-06,Ava,34,Hollister,51
2017-01-06,Stover,45,Jamestown,69
2017-01-06,Kelly,52,Jefferson (Festus),71
2017-01-06,Webb City,71,Jefferson City,81
2017-01-06,Priory,47,John Burroughs,37
2017-01-06,Bishop DuBourg,40,John F. Kennedy,41
2017-01-06,Higbee,74,Keytesville,69
2017-01-06,Frontier STEM,35,Kingsville,60
2017-01-06,Lexington,51,Knob Noster,76
2017-01-06,Mid-Buchanan,63,Lathrop,65
2017-01-06,East Buchanan,32,Lawson,47
2017-01-06,Nixa,63,Lee's Summit,49
2017-01-06,Park Hill,63,Lee's Summit North,71
2017-01-06,Blue Springs,56,Lee's Summit West,53
2017-01-06,Windsor,49,Leeton,58
2017-01-06,Staley,37,Liberty,57
2017-01-06,Northeast (Kansas City),43,Lincoln College Prep,53
2017-01-06,La Plata,71,Linn County,57
2017-01-06,MICDS,72,Lutheran North,48
2017-01-06,Ladue Horton Watkins,65,Lutheran South,58
2017-01-06,Couch,74,Lutie,71
2017-01-06,Plato,60,Mansfield,68
2017-01-06,Northeast (Cairo),46,Mark Twain,47
2017-01-06,Webster Groves,63,Marquette,45
2017-01-06,William Chrisman,67,McDonald County,45
2017-01-06,South Shelby,59,Meadville,48
2017-01-06,Canton,47,Mexico,54
2017-01-06,Sarcoxie,48,Miller,36
2017-01-06,North Callaway,64,Montgomery County,78
2017-01-06,Rock Port,36,Mound City,52
2017-01-06,School of the Ozarks,41,Mountain Grove,86
2017-01-06,Neelyville,62,Naylor,56
2017-01-06,Carthage,56,Nevada,66
2017-01-06,St. James,56,New Haven,42
2017-01-06,Verona,69,New Heights Christian,38
2017-01-06,Mercer,61,Newtown-Harris,27
2017-01-06,Pattonsburg,23,North Andrew,78
2017-01-06,West Platte,38,North Platte,54
2017-01-06,Brashear,27,North Shelby,67
2017-01-06,Seckman,48,Northwest (Cedar Hill),51
2017-01-06,Dora,48,Norwood,54
2017-01-06,Springfield Catholic,39,Notre Dame (Cape Girardeau),52
2017-01-06,Marion County,33,Novinger,63
2017-01-06,North Kansas City,44,Oak Park,55
2017-01-06,Scott County Central,77,Oak Ridge,55
2017-01-06,Parkway Central,55,Oakville,53
2017-01-06,Grain Valley,67,Odessa,43
2017-01-06,Smith-Cotton,46,O'Hara,61
2017-01-06,St. Charles West,55,Orchard Farm,64
2017-01-06,Hallsville,65,Osage,40
2017-01-06,Jefferson (Conception),78,Osborn,20
2017-01-06,Highland,46,Palmyra,36
2017-01-06,Central (St. Joseph),46,Park Hill South,43
2017-01-06,Lafayette (Wildwood),58,Parkway South,56
2017-01-06,Plattsburg,55,Penney,70
2017-01-06,Kearney,64,Platte County,30
2017-01-06,Oak Grove,47,Pleasant Hill,71
2017-01-06,Gallatin,49,Polo,35
2017-01-06,Sweet Springs,64,Prairie Home,62
2017-01-06,South Harrison,65,Princeton,62
2017-01-06,Gateway,45,Principia,59
2017-01-06,Gateway Science Charter,45,Principia,59
2017-01-06,McAuley Catholic,76,Purdy,79
2017-01-06,Green City,67,Putnam County,85
2017-01-06,Bell City,63,Richland (Essex),50
2017-01-06,Hazelwood West,65,Ritenour,92
2017-01-06,Southeast,47,Rock Bridge,78
2017-01-06,Union,45,Rolla,63
2017-01-06,Steelville,55,Salem,63
2017-01-06,Oran,37,Saxony Lutheran,54
2017-01-06,Milan,59,Schuyler County,36
2017-01-06,Chaffee,47,Scott City,85
2017-01-06,Van Buren,33,South Iron,55
2017-01-06,Malden,68,South Pemiscot,48
2017-01-06,Blair Oaks,67,Southern Boone,68
2017-01-06,Gideon,67,Southland,24
2017-01-06,Cassville,52,Southwest (Washburn),57
2017-01-06,Gainesville,41,Spokane,57
2017-01-06,Hillsboro,72,St. Clair,39
2017-01-06,St. Francis Borgia,47,St. Dominic,14
2017-01-06,The Fulton School,28,St. Elizabeth,91
2017-01-06,Clinton,55,St. Pius X (Kansas City),60
2017-01-06,St. Joseph Christian,51,Stanberry,73
2017-01-06,North Nodaway,41,Stewartsville with Osborn,54
2017-01-06,Fair Grove,73,Stockton,33
2017-01-06,Marshfield,54,Strafford,52
2017-01-06,Central (Springfield),56,Sullivan,69
2017-01-06,Houston,60,Summersville,41
2017-01-06,Union Star,30,Tarkio with Fairfax,74
2017-01-06,Bakersfield,25,Thayer,65
2017-01-06,Cleveland NJROTC,26,Transportation and Law,77
2017-01-06,Maysville,24,Trenton,63
2017-01-06,North Harrison,62,Tri-County,24
2017-01-06,Parkway North,39,University City,55
2017-01-06,Lutheran St. Charles,43,Veritas Christian Academy,57
2017-01-06,California,77,Versailles,52
2017-01-06,Pacific,55,Washington,43
2017-01-06,Wheatland,52,Weaubleau,38
2017-01-06,Northeast Nodaway,50,West Nodaway with Nodaway-Holt,37
2017-01-06,Whitfield,63,Westminster Christian Academy,66
2017-01-06,Tipton,45,Westran,43
2017-01-06,Lesterville,37,Winona,73
2017-01-06,Braymer,40,Worth County,33
2017-01-07,The Fulton School,30,Belle,91
2017-01-07,Kirksville,36,Benton,53
2017-01-07,Metro,43,Bishop DuBourg,44
2017-01-07,Nixa,76,Blue Springs South,68
2017-01-07,Bradleyville,92,Cabool,90
2017-01-07,Sullivan,74,Carl Junction,68
2017-01-07,McCluer North,49,Central (Cape Girardeau),54
2017-01-07,Central (Park Hills),45,Central (New Madrid County),42
2017-01-07,Lebanon,64,Central (Springfield),71
2017-01-07,Northeast Vernon County,37,Chilhowee,68
2017-01-07,Knox County,47,Clark County,51
2017-01-07,Odessa,53,Clinton,63
2017-01-07,Jamestown,40,Cole Camp,58
2017-01-07,Windsor,35,Crest Ridge,50
2017-01-07,Springfield Catholic,53,Duchesne,58
2017-01-07,Hannibal,70,Elsberry,47
2017-01-07,Pilot Grove,34,Fayette,78
2017-01-07,Joplin,49,Francis Howell,57
2017-01-07,Veritas Christian Academy,52,Ft. Zumwalt East,49
2017-01-07,Liberty (Wentzville),60,Ft. Zumwalt West,64
2017-01-07,Marceline,23,Glasgow,39
2017-01-07,Laquey,72,Green Ridge,57
2017-01-07,Notre Dame (Cape Girardeau),49,Helias Catholic,47
2017-01-07,Warrenton,49,Holt,47
2017-01-07,William Chrisman,60,Jefferson City,47
2017-01-07,Otterville,64,Kingsville,50
2017-01-07,Confluence Prep Academy Charter,46,Kirkwood,84
2017-01-07,Wellington-Napoleon,65,Lafayette County,59
2017-01-07,Kickapoo,67,Lee's Summit,43
2017-01-07,Smithton,53,Lincoln,84
2017-01-07,Clopton,60,Louisiana,49
2017-01-07,Mountain Grove,74,Mansfield,61
2017-01-07,Sikeston,73,McCluer,82
2017-01-07,Central (Cape Girardeau),54,McCluer North,49
2017-01-07,Webb City,71,McDonald County,49
2017-01-07,Belle,59,Metro,50
2017-01-07,Wellsville-Middletown,61,Monroe City,75
2017-01-07,Ellington,74,Neelyville,39
2017-01-07,Sturgeon,59,New Franklin,41
2017-01-07,Cuba,36,Owensville,50
2017-01-07,Battle,66,Paris with Faith Walk,53
2017-01-07,Kennett,33,Parkway South,62
2017-01-07,Central (Kansas City),59,Pembroke Hill,75
2017-01-07,St. Vincent,36,Perryville,68
2017-01-07,School of the Ozarks,63,Plato,49
2017-01-07,Raytown South,59,Raytown,72
2017-01-07,Linn,36,Salem,38
2017-01-07,Van-Far,49,Salisbury,67
2017-01-07,St. Paul Lutheran (Concordia),47,Santa Fe,42
2017-01-07,McCluer,82,Sikeston,73
2017-01-07,Northwest (Hughesville),55,Slater,50
2017-01-07,Vienna,50,St. Elizabeth,72
2017-01-07,SLUH,63,St. Mary's South Side,52
2017-01-07,Stover,52,Stoutland,82
2017-01-07,Calvary Lutheran,90,The Fulton School,8
2017-01-07,Lutheran (Kansas City),47,Vienna,52
2017-01-07,Richmond,26,Warrensburg,62
2017-01-07,Barat Academy,59,Winfield,61
2017-01-09,Windsor (Imperial),59,Affton,57
2017-01-09,Hume,24,Appleton City,76
2017-01-09,Wheatland,61,Ballard,28
2017-01-09,California,64,Boonville,69
2017-01-09,New Covenant Academy,39,Bradleyville,69
2017-01-09,Billings,70,Buffalo,63
2017-01-09,Alton,73,Cabool,81
2017-01-09,Veritas Christian Academy,46,Christian Brothers College,61
2017-01-09,Kirksville,50,Clark County,49
2017-01-09,St. Charles West,61,Clayton,60
2017-01-09,Macks Creek,74,Climax Springs,45
2017-01-09,Southland,4,Cooter,67
2017-01-09,Farmington,72,DeSoto,60
2017-01-09,Osceola,60,El Dorado Springs,68
2017-01-09,Humansville,28,Fair Play,66
2017-01-09,University City,61,Ft. Zumwalt North,57
2017-01-09,Thomas Jefferson Independent Day,43,Galena,65
2017-01-09,Metro,48,Gateway Science Charter,58
2017-01-09,Grundy County with Newtown-Harris,28,Green City,78
2017-01-09,Weaubleau,48,Halfway,37
2017-01-09,Soldan International Studies,60,Hazelwood East,58
2017-01-09,Bunceton,56,Higbee,75
2017-01-09,Wheaton,33,Hurley,66
2017-01-09,West Platte,19,Lawson,55
2017-01-09,Greenville,73,Marquand-Zion,42
2017-01-09,Louisiana,47,Monroe City,134
2017-01-09,Miami (Amoret),20,Montrose,56
2017-01-09,Jefferson (Conception),52,Mound City,45
2017-01-09,Novinger,72,Newtown-Harris,33
2017-01-09,Couch,69,Niangua,45
2017-01-09,South Nodaway with Jefferson (Conception),48,North Andrew,78
2017-01-09,Penney,63,North Platte,34
2017-01-09,Transportation and Law,82,North Technical,66
2017-01-09,Rich Hill,86,Northeast Vernon County,32
2017-01-09,Brunswick,57,Northwestern (Mendon),78
2017-01-09,St. Vincent,57,Oak Ridge,56
2017-01-09,Lutheran North,61,Oakville,55
2017-01-09,Winston,84,Osborn,14
2017-01-09,Wright City,52,Owensville,61
2017-01-09,Mehlville,33,Parkway West,43
2017-01-09,Delta (Deering),27,Portageville,61
2017-01-09,Diamond,59,Purdy,69
2017-01-09,Carnahan,52,Ritenour,62
2017-01-09,St. Joseph Christian,70,Savannah,29
2017-01-09,Adrian,61,Sherwood,74
2017-01-09,Warsaw,48,Skyline,57
2017-01-09,Fatima,57,Southern Boone,73
2017-01-09,St. Clair,62,St. Charles,72
2017-01-09,Bourbon,64,Stoutland,60
2017-01-09,West Nodaway with Nodaway-Holt,40,Tarkio with Fairfax,72
2017-01-09,McCluer South-Berkeley,62,Trinity Catholic,78
2017-01-09,Barstow,77,University Academy Charter,47
2017-01-09,Elsberry,52,Van-Far,74
2017-01-09,Fordland,63,Walnut Grove,74
2017-01-09,St. Francis Borgia,53,Washington,54
2017-01-09,Knox County,71,Westran,27
2017-01-09,Battle,62,Whitfield,75
2017-01-09,Drexel,64,Windsor,50
2017-01-09,Jackson,75,Woodland,51
2017-01-09,Puxico,82,Zalma,65
2017-01-10,Normandy Collaborative,70,Affton,79
2017-01-10,Stanberry,74,Albany,34
2017-01-10,Fair Grove,76,Ash Grove,41
2017-01-10,Conway,49,Ava,40
2017-01-10,Puxico,57,Bell City,64
2017-01-10,Linn,67,Belle,59
2017-01-10,Pembroke Hill,66,Belton,62
2017-01-10,Pleasant Hill,58,Benton,67
2017-01-10,Notre Dame (Cape Girardeau),63,Bernie,43
2017-01-10,Mid-Buchanan,44,Bishop LeBlond,51
2017-01-10,South Iron,66,Bismarck,62
2017-01-10,Hollister,42,Blue Eye,53
2017-01-10,Raymore-Peculiar,43,Blue Springs South,49
2017-01-10,Central (Springfield),54,Branson,51
2017-01-10,Linn County,57,Brashear,28
2017-01-10,Northland Christian,59,Braymer,75
2017-01-10,Bayless,26,Brentwood,58
2017-01-10,Dadeville,58,Bronaugh,51
2017-01-10,Plattsburg,57,Brookfield,54
2017-01-10,Southwest (Livingston County) with Breckenridge,57,Brunswick,62
2017-01-10,Calvary Lutheran,79,Bunceton,55
2017-01-10,Chilhowee,69,Calhoun,27
2017-01-10,Highland,55,Canton,59
2017-01-10,Trenton,72,Carrollton,54
2017-01-10,Ozark,64,Carthage,31
2017-01-10,Mt. Vernon,70,Cassville,54
2017-01-10,Oak Park,60,Central (St. Joseph),52
2017-01-10,Bowling Green,50,Centralia,55
2017-01-10,School of the Ozarks,59,Chadwick,36
2017-01-10,Advance,77,Chaffee,41
2017-01-10,Sikeston,84,Chaminade College Prep,102
2017-01-10,Central (New Madrid County),67,Charleston,75
2017-01-10,Grain Valley,59,Clinton,27
2017-01-10,Lincoln,50,Cole Camp,46
2017-01-10,Crest Ridge,53,Concordia,52
2017-01-10,Gateway Science Charter,60,Crossroads College Preparatory,26
2017-01-10,St. James,70,Cuba,34
2017-01-10,Central (Cape Girardeau),50,De Smet Jesuit,51
2017-01-10,Polo,61,DeKalb,40
2017-01-10,Scott City,74,Delta,38
2017-01-10,Bloomfield,48,Dexter,57
2017-01-10,Pierce City,54,Diamond,56
2017-01-10,Plato,73,Dixon,55
2017-01-10,Naylor,59,East Carter,61
2017-01-10,Lamar,65,East Newton,48
2017-01-10,Chamois,42,Eugene,70
2017-01-10,Jennings,63,Eureka,50
2017-01-10,Liberal,49,Everton,46
2017-01-10,Kearney,64,Excelsior Springs,24
2017-01-10,Versailles,47,Father Tolton,70
2017-01-10,Festus,46,Fox,64
2017-01-10,St. Dominic,53,Francis Howell Central,36
2017-01-10,Troy Buchanan,58,Francis Howell North,54
2017-01-10,Ft. Zumwalt South,53,Ft. Zumwalt East,48
2017-01-10,Timberland,44,Ft. Zumwalt West,42
2017-01-10,Fatima,57,Fulton,66
2017-01-10,Richmond,61,Gallatin,55
2017-01-10,Miller Career Academy,71,Gateway Science Charter,59
2017-01-10,Sturgeon,34,Glasgow,51
2017-01-10,Camdenton,45,Glendale,87
2017-01-10,Valley Park,78,Grandview (Hillsboro),41
2017-01-10,Marionville,47,Greenfield,63
2017-01-10,Twin Rivers,69,Greenville,46
2017-01-10,Frontier School of Excellence Charter,51,Guadalupe Centers Charter,65
2017-01-10,Blair Oaks,62,Hallsville,47
2017-01-10,Marceline,63,Harrisburg,77
2017-01-10,Mansfield,45,Hartville,75
2017-01-10,Kennett,52,Hayti,47
2017-01-10,Ladue Horton Watkins,69,Hazelwood West,52
2017-01-10,Eldon,26,Helias Catholic,61
2017-01-10,Russellville,34,Hermann,75
2017-01-10,Lakeland,18,Hermitage,100
2017-01-10,Potosi,46,Hillsboro,85
2017-01-10,Cameron,52,Holden,34
2017-01-10,Norwood,54,Houston,58
2017-01-10,Verona,74,Hurley,79
2017-01-10,Sheldon,48,Jasper,50
2017-01-10,West County,69,Jefferson (Festus),49
2017-01-10,Waynesville,41,Jefferson City,56
2017-01-10,Maplewood-Richmond Hts.,65,John Burroughs,62
2017-01-10,Oran,70,Kelly,47
2017-01-10,Worth County,48,King City,54
2017-01-10,Crystal City,55,Kingston,48
2017-01-10,Windsor,58,Kingsville,37
2017-01-10,Duchesne,52,Kirkwood,63
2017-01-10,Lafayette County,68,Knob Noster,38
2017-01-10,Marion County,16,Knox County,76
2017-01-10,Otterville,88,La Monte,70
2017-01-10,Atlanta,39,La Plata,60
2017-01-10,East Buchanan,29,Lafayette (St. Joseph),69
2017-01-10,Knob Noster,38,Lafayette County,68
2017-01-10,Leeton,64,Lakeland,47
2017-01-10,Joplin,63,Lebanon,66
2017-01-10,Lee's Summit North,77,Lee's Summit,57
2017-01-10,Rockhurst,46,Lee's Summit West,58
2017-01-10,Meadow Heights,90,Lesterville,50
2017-01-10,Bakersfield,24,Liberty (Mountain View),64
2017-01-10,Mountain Grove,83,Licking,82
2017-01-10,Golden City,45,Lockwood,74
2017-01-10,St. Paul Lutheran (Concordia),50,Lone Jack,20
2017-01-10,Midway,26,Lutheran (Kansas City),55
2017-01-10,Senath-Hornersville,42,Malden,61
2017-01-10,New Covenant Academy,61,Marion C. Early,66
2017-01-10,Bolivar,54,Marshfield,37
2017-01-10,Chillicothe,48,Maryville,54
2017-01-10,Princeton,58,Maysville,63
2017-01-10,Roosevelt,69,McKinley Classical Leadership,86
2017-01-10,Bevier,42,Meadville,59
2017-01-10,North Harrison,23,Mercer,56
2017-01-10,McDonald County,52,Monett,49
2017-01-10,Missouri Military Academy,82,Montgomery County,98
2017-01-10,Clearwater,42,Neelyville,71
2017-01-10,Crocker,56,Newburg,72
2017-01-10,Greenwood,62,Niangua,27
2017-01-10,North Nodaway,44,Nodaway-Holt,45
2017-01-10,Hardin-Central,71,Norborne,43
2017-01-10,Affton,79,Normandy Collaborative,70
2017-01-10,New Bloomfield,63,North Callaway,47
2017-01-10,Valle Catholic,43,North County,70
2017-01-10,Smithville,27,North Kansas City,63
2017-01-10,Delta (Deering),75,North Pemiscot,53
2017-01-10,Fort Osage,69,Northeast (Kansas City),67
2017-01-10,South Harrison,78,Northeast Nodaway,49
2017-01-10,Rich Hill,86,Northeast Vernon County,32
2017-01-10,Hale with Bosworth,68,Northwestern (Mendon),101
2017-01-10,Leopold,35,Oak Ridge,70
2017-01-10,Summit Christian Academy,85,Odessa,53
2017-01-10,California,56,O'Hara,66
2017-01-10,Buffalo,32,Osage,62
2017-01-10,Steelville,69,Owensville,60
2017-01-10,Blue Springs,56,Park Hill,58
2017-01-10,Marquette,36,Parkway Central,50
2017-01-10,Union Star,32,Pattonsburg,52
2017-01-10,New Franklin,64,Pilot Grove,58
2017-01-10,William Chrisman,35,Platte County,42
2017-01-10,Campbell,46,Portageville,74
2017-01-10,Tuscumbia,57,Prairie Home,67
2017-01-10,Orchard Farm,67,Principia,60
2017-01-10,Lutheran South,56,Priory,47
2017-01-10,Ridgeway,45,Putnam County,81
2017-01-10,Cainsville with Ridgeway,45,Putnam County,81
2017-01-10,Carl Junction,30,Republic,75
2017-01-10,Zalma,77,Richland (Essex),57
2017-01-10,Clarkton,71,Risco,73
2017-01-10,South Holt,46,Rock Port,42
2017-01-10,Hillcrest,80,Rolla,72
2017-01-10,Staley,60,Ruskin,63
2017-01-10,Green Ridge,29,Sacred Heart,60
2017-01-10,Sullivan,67,Salem,60
2017-01-10,Paris with Faith Walk,29,Salisbury,63
2017-01-10,Orrick,19,Santa Fe,59
2017-01-10,Miller,41,Sarcoxie,51
2017-01-10,North Shelby,42,Schuyler County,48
2017-01-10,East Prairie,69,Scott County Central,94
2017-01-10,Purdy,56,Seneca,57
2017-01-10,Cabool,69,Seymour,62
2017-01-10,Mark Twain,65,Silex,46
2017-01-10,Northeast (Cairo),64,Slater,56
2017-01-10,New Haven,36,South Callaway,58
2017-01-10,Van-Far,73,South Shelby,46
2017-01-10,Holcomb,89,Southland,9
2017-01-10,Gainesville,48,Sparta,56
2017-01-10,Forsyth,91,Spokane,74
2017-01-10,Reeds Spring,56,Springfield Catholic,66
2017-01-10,Bishop DuBourg,18,St. Pius X (Festus),50
2017-01-10,Nevada,57,St. Pius X (Kansas City),53
2017-01-10,Arcadia Valley,52,Ste. Genevieve,71
2017-01-10,Iberia,95,Stoutland,85
2017-01-10,Smithton,72,Stover,62
2017-01-10,Crane,50,Strafford,58
2017-01-10,Ellington,78,Summersville,15
2017-01-10,Eminence,57,Thayer,85
2017-01-10,Breckenridge,23,Tina-Avalon,56
2017-01-10,Northwest (Hughesville),67,Tipton,79
2017-01-10,Gilman City with North Daviess,72,Tri-County,16
2017-01-10,Westminster Christian Academy,57,Union,43
2017-01-10,North County,70,Valle Catholic,43
2017-01-10,Herculaneum,49,Valley,52
2017-01-10,Lathrop,70,Van Horn,55
2017-01-10,Viburnum,72,Vienna,70
2017-01-10,Neosho,56,Webb City,54
2017-01-10,Sweet Springs,52,Wellington-Napoleon,66
2017-01-10,Scotland County,73,Westran,59
2017-01-10,Nixa,44,Willard,43
2017-01-10,West Plains,75,Willow Springs,54
2017-01-10,Grandview,74,Winnetonka,52
2017-01-10,Community,50,Wright City,48
2017-01-11,Mound City,67,Albany,36
2017-01-11,O'Hara,85,Boonville,84
2017-01-11,Hume,49,Calhoun,68
2017-01-11,North Platte,42,Carrollton,63
2017-01-11,Transportation and Law,43,Christian Brothers College,55
2017-01-11,Battle,62,Clayton,48
2017-01-11,Warsaw,45,Climax Springs,50
2017-01-11,Metro,56,Crossroads College Preparatory,32
2017-01-11,Metro,71,East (Kansas City),53
2017-01-11,Wheatland,51,Fair Play,58
2017-01-11,Parkway North,52,Francis Howell,75
2017-01-11,DeSoto,85,Fredericktown,70
2017-01-11,Elsberry,40,Ft. Zumwalt East,59
2017-01-11,Oakville,43,Ft. Zumwalt North,48
2017-01-11,West Platte,51,Gallatin,59
2017-01-11,Novinger,53,Green City,51
2017-01-11,Newtown-Harris,41,Grundy County with Newtown-Harris,44
2017-01-11,Osceola,71,Halfway,63
2017-01-11,Carnahan,56,Hazelwood East,53
2017-01-11,South Callaway,41,Hermann,52
2017-01-11,Brookfield,35,Holden,30
2017-01-11,Lift for Life Academy Charter,44,Jackson,55
2017-01-11,Hancock,61,John F. Kennedy,48
2017-01-11,Northeast Vernon County,26,Miami (Amoret),58
2017-01-11,Confluence Prep Academy Charter,54,MICDS,74
2017-01-11,Central (Kansas City),54,Mid-Buchanan,73
2017-01-11,Smith-Cotton,69,Moberly,57
2017-01-11,New Bloomfield,44,Montgomery County,76
2017-01-11,Russellville,41,New Haven,42
2017-01-11,Tarkio with Fairfax,51,Nodaway-Holt,55
2017-01-11,Missouri Military Academy,50,North Callaway,64
2017-01-11,Union Star,41,Osborn,37
2017-01-11,Trinity Catholic,67,Pattonville,61
2017-01-11,Soldan International Studies,58,Ritenour,76
2017-01-11,Vianney,54,Rockwood Summit,26
2017-01-11,Moberly,57,Smith-Cotton,69
2017-01-11,St. Joseph Christian,58,South Holt,69
2017-01-11,Worth County,63,South Nodaway with Jefferson (Conception),55
2017-01-11,Fulton,56,Southern Boone,75
2017-01-11,Whitfield,62,St. Charles West,61
2017-01-11,Lutheran North,84,University City,69
2017-01-11,Northland Christian,51,Van Horn,49
2017-01-11,Cleveland NJROTC,23,Vashon,86
2017-01-11,Rock Bridge,69,Warrensburg,41
2017-01-11,Mehlville,53,Windsor (Imperial),48
2017-01-12,Lutheran (Kansas City),45,Adrian,56
2017-01-12,McCluer South-Berkeley,59,Affton,54
2017-01-12,Chilhowee,68,Appleton City,86
2017-01-12,Macon County,53,Atlanta,60
2017-01-12,Lutie,49,Bakersfield,51
2017-01-12,Humansville,38,Ballard,33
2017-01-12,Father Tolton,56,Barstow,90
2017-01-12,Hancock,67,Bayless,35
2017-01-12,East Prairie,78,Bell City,69
2017-01-12,Odessa,48,Belton,49
2017-01-12,Grain Valley,49,Benton,48
2017-01-12,Hickman,64,Blair Oaks,55
2017-01-12,Fulton,71,Boonville,62
2017-01-12,Lathrop,52,Braymer,65
2017-01-12,Bevier,50,Breckenridge,31
2017-01-12,St. Pius X (Festus),60,Brentwood,78
2017-01-12,Sheldon,58,Bronaugh,53
2017-01-12,Northeast Nodaway,84,Cainsville with Ridgeway,68
2017-01-12,Higbee,64,Calvary Lutheran,90
2017-01-12,Plattsburg,51,Cameron,46
2017-01-12,Branson,54,Carl Junction,63
2017-01-12,Branson,54,Carl Junction,63
2017-01-12,Norwood,67,Chadwick,52
2017-01-12,Pleasant Hill,52,Clinton,39
2017-01-12,Elsberry,49,Community,47
2017-01-12,Wellington-Napoleon,77,Crest Ridge,21
2017-01-12,Jasper,46,Dadeville,41
2017-01-12,Summersville,21,Dora,58
2017-01-12,Sherwood,64,Drexel,51
2017-01-12,Weaubleau,45,El Dorado Springs,47
2017-01-12,Duchesne,58,Eureka,60
2017-01-12,Golden City,64,Everton,57
2017-01-12,California,41,Fatima,70
2017-01-12,Union,75,Francis Howell Central,68
2017-01-12,Ruskin,78,Grandview,72
2017-01-12,Centralia,27,Hallsville,66
2017-01-12,McCluer North,67,Hazelwood West,60
2017-01-12,Montgomery County,79,Hermann,60
2017-01-12,Leeton,32,Hermitage,65
2017-01-12,Vianney,64,Jackson,66
2017-01-12,Prairie Home,35,Jamestown,63
2017-01-12,Stanberry,47,Jefferson (Conception),43
2017-01-12,Pacific,60,Jefferson City,58
2017-01-12,Kirkwood,57,Jennings,64
2017-01-12,Fort Osage,62,Kearney,79
2017-01-12,North Andrew,60,King City,43
2017-01-12,Jennings,64,Kirkwood,57
2017-01-12,Marion County,40,La Plata,47
2017-01-12,St. Paul Lutheran (Concordia),56,Lafayette County,46
2017-01-12,Bourbon,65,Laquey,64
2017-01-12,Richmond,32,Lawson,44
2017-01-12,Blue Springs,79,Lee's Summit North,71
2017-01-12,MICDS,53,Lindbergh,50
2017-01-12,Milan,71,Linn County,53
2017-01-12,Liberal,68,Lockwood,51
2017-01-12,Skyline,77,Macks Creek,63
2017-01-12,West Plains,38,Marshfield,52
2017-01-12,Mercer,64,Maysville,33
2017-01-12,Hazelwood Central,62,McCluer,55
2017-01-12,Bismarck,31,Meadow Heights,65
2017-01-12,Rich Hill,52,Montrose,48
2017-01-12,East Newton,44,Mt. Vernon,60
2017-01-12,Russellville,41,New Haven,42
2017-01-12,Plato,40,Newburg,53
2017-01-12,New Haven,43,North Callaway,46
2017-01-12,Princeton,68,North Harrison,47
2017-01-12,Platte County,41,North Kansas City,37
2017-01-12,West Nodaway with Nodaway-Holt,37,North Nodaway,63
2017-01-12,Holcomb,59,North Pemiscot,67
2017-01-12,Excelsior Springs,38,Northeast (Kansas City),51
2017-01-12,Kingsville,47,Northwest (Hughesville),48
2017-01-12,Wentworth Military Academy,19,Orrick,40
2017-01-12,Harrisburg,76,Paris with Faith Walk,65
2017-01-12,Liberty North,54,Park Hill South,55
2017-01-12,Winston,68,Pattonsburg,20
2017-01-12,Summit Christian Academy,74,Pembroke Hill,86
2017-01-12,Stewartsville with Osborn,44,Polo,41
2017-01-12,South Harrison,76,Putnam County,72
2017-01-12,Neelyville,54,Puxico,53
2017-01-12,Lift for Life Academy Charter,34,Rockwood Summit,45
2017-01-12,Grandview,72,Ruskin,78
2017-01-12,Missouri Military Academy,52,Russellville,60
2017-01-12,Fayette,41,Salisbury,73
2017-01-12,Rock Port,45,Savannah,46
2017-01-12,St. Paul Lutheran (Farmington),19,Scott City,81
2017-01-12,Gideon,72,Senath-Hornersville,69
2017-01-12,Barat Academy,45,Silex,40
2017-01-12,Webster Groves,62,Smith-Cotton,59
2017-01-12,Metro,23,Soldan International Studies,71
2017-01-12,New Bloomfield,35,South Callaway,69
2017-01-12,Cooter,32,South Pemiscot,64
2017-01-12,Marceline,41,South Shelby,42
2017-01-12,O'Hara,60,Southern Boone,78
2017-01-12,Keytesville,50,Southwest (Livingston County) with Breckenridge,55
2017-01-12,Washington,61,St. Charles,51
2017-01-12,St. Francis Borgia,67,St. Clair,45
2017-01-12,Westminster Christian Academy,65,St. Dominic,41
2017-01-12,Bishop DuBourg,30,St. Mary's South Side,80
2017-01-12,Nevada,58,St. Pius X (Kansas City),52
2017-01-12,Greenfield,67,Stockton,57
2017-01-12,Carnahan,45,Sumner,48
2017-01-12,Bunceton,49,Sweet Springs,68
2017-01-12,Penney,50,Trenton,45
2017-01-12,Marquand-Zion,47,Valley,86
2017-01-12,Bunker,69,Viburnum,49
2017-01-12,Smithville,36,William Chrisman,44
2017-01-13,Archie,39,Adrian,48
2017-01-13,Richland (Essex),32,Advance,87
2017-01-13,Valle Catholic,71,Arcadia Valley,64
2017-01-13,Dexter,62,Bernie,59
2017-01-13,Crane,80,Billings,60
2017-01-13,Malden,66,Bloomfield,65
2017-01-13,Reeds Spring,48,Blue Eye,46
2017-01-13,Hollister,48,Bolivar,71
2017-01-13,Grundy County with Newtown-Harris,60,Brashear,36
2017-01-13,Plattsburg,43,Braymer,61
2017-01-13,Gilman City with North Daviess,63,Breckenridge,41
2017-01-13,Northland Christian,48,Brookfield,61
2017-01-13,Mountain Grove,81,Cabool,55
2017-01-13,North Harrison,47,Cainsville with Ridgeway,39
2017-01-13,Miami (Amoret),50,Calhoun,64
2017-01-13,Lathrop,55,Cameron,46
2017-01-13,Central (New Madrid County),60,Central (Cape Girardeau),70
2017-01-13,Kelly,44,Chaffee,42
2017-01-13,De Smet Jesuit,53,Chaminade College Prep,83
2017-01-13,Elsberry,49,Community,47
2017-01-13,Delta (Deering),61,Cooter,69
2017-01-13,Koshkonong,41,Couch,46
2017-01-13,Union Star,46,DeKalb,42
2017-01-13,Miller,37,Diamond,58
2017-01-13,Stoutland,67,Dixon,75
2017-01-13,Linn,46,Eugene,66
2017-01-13,St. Joseph Christian,55,Fairfax,35
2017-01-13,Sparta,51,Fordland,58
2017-01-13,Bakersfield,44,Forsyth,67
2017-01-13,Clever,59,Galena,44
2017-01-13,Clarkton,51,Gideon,48
2017-01-13,Pilot Grove,31,Glasgow,81
2017-01-13,Campbell,48,Hayti,75
2017-01-13,Liberty (Mountain View),58,Houston,22
2017-01-13,Niangua,31,Hurley,69
2017-01-13,Prairie Home,35,Jamestown,63
2017-01-13,Camdenton,72,Joplin,75
2017-01-13,Couch,46,Koshkonong,41
2017-01-13,Raymore-Peculiar,28,Lee's Summit West,61
2017-01-13,Chadwick,49,Lutie,45
2017-01-13,Bradleyville,67,Mansfield,86
2017-01-13,Schuyler County,49,Marceline,55
2017-01-13,Pleasant Hope,39,Marionville,57
2017-01-13,Seneca,39,McDonald County,48
2017-01-13,South Harrison,46,Mercer,58
2017-01-13,Worth County,58,Mound City,44
2017-01-13,Holcomb,36,Neelyville,75
2017-01-13,Lebanon,66,Neosho,59
2017-01-13,Sturgeon,69,New Franklin,51
2017-01-13,New Covenant Academy,53,New Heights Christian,50
2017-01-13,Plato,40,Newburg,53
2017-01-13,South Holt,59,Nodaway-Holt,52
2017-01-13,Fredericktown,41,North County,69
2017-01-13,Rock Port,64,North Nodaway,55
2017-01-13,Southland,5,North Pemiscot,70
2017-01-13,Princeton,60,Northeast Nodaway,38
2017-01-13,Blue Springs South,63,Park Hill,76
2017-01-13,Liberty North,55,Park Hill South,56
2017-01-13,Polo,65,Pattonsburg,42
2017-01-13,South Pemiscot,60,Portageville,67
2017-01-13,Pierce City,67,Purdy,62
2017-01-13,Maysville,75,Putnam County,65
2017-01-13,Risco,62,Senath-Hornersville,42
2017-01-13,Clopton,46,Silex,27
2017-01-13,Webster Groves,62,Smith-Cotton,59
2017-01-13,Greenwood,68,Spokane,55
2017-01-13,Washington,59,St. Charles,51
2017-01-13,St. Francis Borgia,67,St. Clair,45
2017-01-13,Bourbon,52,St. James,76
2017-01-13,Herculaneum,52,St. Pius X (Festus),51
2017-01-13,Potosi,59,Ste. Genevieve,47
2017-01-13,Winston,82,Stewartsville with Osborn,33
2017-01-13,Greenfield,67,Stockton,57
2017-01-13,St. Joseph Christian,55,Tarkio with Fairfax,35
2017-01-13,Poplar Bluff,70,Twin Rivers,42
2017-01-13,Ash Grove,68,Walnut Grove,82
2017-01-13,Valley,58,West County,73
2017-01-13,Southwest (Washburn),61,Wheaton,28
2017-01-13,Ava,56,Willow Springs,68
2017-01-13,DeSoto,55,Windsor (Imperial),60
2017-01-13,Meadow Heights,62,Woodland,66
2017-01-14,Liberal,58,Jasper,48
2017-01-14,King City,42,Jefferson (Conception),47
2017-01-14,Republic,61,Kickapoo,64
2017-01-14,Penney,62,Lawson,58
2017-01-14,Novinger,45,Milan,63
2017-01-14,Stanberry,62,North Andrew,74
2017-01-14,Willow Springs,71,Summersville,25
2017-01-14,Glendale,58,Waynesville,41
2017-01-14,Poplar Bluff,80,West Plains,40
2017-01-14,Summersville,25,Willow Springs,71
2017-01-15,Penney,50,Trenton,45
2017-01-16,Notre Dame (Cape Girardeau),56,Advance,48
2017-01-16,Eminence,69,Alton,58
2017-01-16,Scotland County,53,Atlanta,10
2017-01-16,Exeter,25,Billings,87
2017-01-16,Galena,63,Blue Eye,59
2017-01-16,Chamois,64,Bourbon,40
2017-01-16,Thomas Jefferson Independent Day,70,Bronaugh,57
2017-01-16,Excelsior Springs,62,Cameron,53
2017-01-16,Van-Far,65,Canton,67
2017-01-16,Gallatin,43,Carrollton,41
2017-01-16,St. Mary's South Side,64,Christian Brothers College,55
2017-01-16,Licking,61,Cuba,22
2017-01-16,Savannah,52,East Buchanan,35
2017-01-16,Fulton,71,Eldon,43
2017-01-16,St. Clair,43,Francis Howell Central,75
2017-01-16,Tipton,63,Green Ridge,74
2017-01-16,Orrick,38,Hardin-Central,51
2017-01-16,Duchesne,69,Hazelwood West,56
2017-01-16,Raytown South,68,Hogan Prep Academy Charter,76
2017-01-16,New Covenant Academy,62,Hurley,60
2017-01-16,MICDS,62,John Burroughs,46
2017-01-16,Ladue Horton Watkins,67,Kirkwood,61
2017-01-16,Penney,62,Lawson,58
2017-01-16,Raytown,45,Lee's Summit,62
2017-01-16,Lincoln College Prep,56,Lee's Summit West,76
2017-01-16,Clopton,46,Louisiana,49
2017-01-16,Meadow Heights,79,Marquand-Zion,29
2017-01-16,Cardinal Ritter,47,McCluer North,60
2017-01-16,Mark Twain,26,Monroe City,63
2017-01-16,Joplin,57,Neosho,47
2017-01-16,Wellsville-Middletown,69,New Bloomfield,75
2017-01-16,Fayette,69,North Callaway,80
2017-01-16,Fredericktown,41,North County,69
2017-01-16,South Shelby,66,North Shelby,65
2017-01-16,Santa Fe,70,Pilot Grove,38
2017-01-16,Kearney,66,Platte County,56
2017-01-16,Transportation and Law,62,Ritenour,63
2017-01-16,Newburg,54,Rolla,71
2017-01-16,Summit Christian Academy,49,Ruskin,51
2017-01-16,Hazelwood Central,52,SLUH,65
2017-01-16,Missouri Military Academy,87,South Callaway,66
2017-01-16,St. Dominic,50,St. Charles,71
2017-01-16,Sacred Heart,58,St. Paul Lutheran (Concordia),41
2017-01-16,Valle Catholic,68,St. Paul Lutheran (Farmington),40
2017-01-16,Thayer,74,Summersville,18
2017-01-16,Richmond,59,Trenton,61
2017-01-16,Lutheran St. Charles,58,Trinity Catholic,68
2017-01-16,St. Francis Borgia,61,Union,47
2017-01-16,Westminster Christian Academy,71,Washington,63
2017-01-16,New Heights Christian,48,Wheaton,33
2017-01-17,Osceola,58,Adrian,66
2017-01-17,Worth County,64,Albany,36
2017-01-17,Midway,38,Appleton City,36
2017-01-17,Fredericktown,41,Arcadia Valley,59
2017-01-17,Rich Hill,52,Archie,46
2017-01-17,Sparta,67,Ava,42
2017-01-17,Montrose,67,Ballard,33
2017-01-17,Bourbon,63,Belle,52
2017-01-17,Bloomfield,50,Bernie,44
2017-01-17,Northwestern (Mendon),68,Bevier,51
2017-01-17,Lawson,55,Bishop LeBlond,35
2017-01-17,Camdenton,42,Bolivar,70
2017-01-17,Montgomery County,85,Bowling Green,59
2017-01-17,Chadwick,43,Bradleyville,79
2017-01-17,Logan-Rogersville,52,Branson,47
2017-01-17,Lesterville,48,Bunker,56
2017-01-17,Dadeville,33,Butler,70
2017-01-17,North Harrison,53,Cainsville with Ridgeway,59
2017-01-17,Leeton,79,Calhoun,60
2017-01-17,Osage,41,California,39
2017-01-17,Monett,53,Carthage,70
2017-01-17,Campbell,60,Caruthersville,88
2017-01-17,Spokane,42,Cassville,57
2017-01-17,Hickman,63,Center,73
2017-01-17,Blue Springs,53,Central (St. Joseph),59
2017-01-17,Harrisburg,86,Centralia,73
2017-01-17,Missouri Military Academy,45,Chamois,59
2017-01-17,Highland,39,Clark County,42
2017-01-17,North Pemiscot,45,Clarkton,73
2017-01-17,Parkway West,50,Clayton,33
2017-01-17,Van Buren,56,Clearwater,38
2017-01-17,Gateway Science Charter,50,Cleveland NJROTC,60
2017-01-17,Macks Creek,63,Climax Springs,43
2017-01-17,Barat Academy,28,Clopton,55
2017-01-17,O'Hara,54,Concordia,69
2017-01-17,Gainesville,33,Conway,67
2017-01-17,Clever,56,Crane,44
2017-01-17,St. Paul Lutheran (Concordia),58,Crest Ridge,40
2017-01-17,East (Kansas City),42,Cristo Rey,43
2017-01-17,Bayless,46,Crossroads College Preparatory,35
2017-01-17,Festus,56,Crystal City,42
2017-01-17,Scott County Central,63,Delta,22
2017-01-17,Puxico,45,Dexter,75
2017-01-17,Iberia,47,Dixon,40
2017-01-17,South Iron,65,East Carter,34
2017-01-17,Diamond,57,East Newton,64
2017-01-17,Chaffee,52,East Prairie,81
2017-01-17,Lamar,64,El Dorado Springs,45
2017-01-17,Hallsville,65,Eldon,49
2017-01-17,Viburnum,40,Ellington,74
2017-01-17,Niangua,57,Everton,65
2017-01-17,Sarcoxie,38,Exeter,27
2017-01-17,Central (Springfield),58,Fair Grove,61
2017-01-17,Hermitage,53,Fair Play,50
2017-01-17,Sikeston,66,Farmington,57
2017-01-17,Ft. Zumwalt West,36,Francis Howell,41
2017-01-17,Troy Buchanan,70,Francis Howell Central,61
2017-01-17,Washington,48,Ft. Zumwalt South,41
2017-01-17,Naylor,54,Gideon,74
2017-01-17,Newtown-Harris,56,Gilman City with North Daviess,52
2017-01-17,Kearney,41,Grain Valley,36
2017-01-17,Meadville,56,Green City,34
2017-01-17,Pleasant Hope,43,Greenfield,77
2017-01-17,Neelyville,74,Greenville,51
2017-01-17,Tri-County,32,Hale with Bosworth,64
2017-01-17,Boonville,82,Hannibal,73
2017-01-17,O'Hara,72,Hardin-Central,47
2017-01-17,Stockton,77,Harrisonville,60
2017-01-17,Ritenour,85,Hazelwood East,61
2017-01-17,Jefferson City,53,Helias Catholic,62
2017-01-17,West County,66,Herculaneum,51
2017-01-17,St. Clair,25,Hermann,53
2017-01-17,Marshfield,40,Hillcrest,66
2017-01-17,Delta (Deering),56,Holcomb,75
2017-01-17,Forsyth,59,Hollister,55
2017-01-17,Liberty (Wentzville),64,Holt,55
2017-01-17,Winona,78,Houston,64
2017-01-17,Walnut Grove,81,Humansville,14
2017-01-17,Miami (Amoret),45,Hume,31
2017-01-17,Poplar Bluff,77,Jackson,61
2017-01-17,Affton,67,Jennings,74
2017-01-17,Oran,81,Kelly,46
2017-01-17,Pattonsburg,42,King City,68
2017-01-17,Holden,46,Knob Noster,66
2017-01-17,Liberty (Mountain View),67,Koshkonong,29
2017-01-17,Marion County,17,La Plata,53
2017-01-17,Rockhurst,71,Lafayette (St. Joseph),57
2017-01-17,Oakville,38,Lafayette (Wildwood),42
2017-01-17,Carrollton,61,Lafayette County,78
2017-01-17,Kingsville,51,Lakeland,77
2017-01-17,Glendale,93,Lebanon,80
2017-01-17,Liberty,59,Lee's Summit North,71
2017-01-17,Holt,55,Liberty (Wentzville),64
2017-01-17,Novinger,53,Linn County,48
2017-01-17,Marion C. Early,57,Lockwood,48
2017-01-17,Lone Jack,56,Lutheran (Kansas City),63
2017-01-17,Lutheran South,68,Lutheran North,63
2017-01-17,Moberly,61,Macon,43
2017-01-17,Breckenridge,27,Macon County,60
2017-01-17,Paris with Faith Walk,65,Madison,40
2017-01-17,Hayti,71,Malden,80
2017-01-17,Fox,33,Marquette,57
2017-01-17,Gallatin,50,Maysville,57
2017-01-17,Jasper,45,McAuley Catholic,74
2017-01-17,Normandy Collaborative,64,McCluer South-Berkeley,59
2017-01-17,Webb City,63,McDonald County,52
2017-01-17,Parkway South,59,Mehlville,46
2017-01-17,Brookfield,53,Mexico,69
2017-01-17,Maryville,62,Mid-Buchanan,50
2017-01-17,Aurora,53,Mt. Vernon,58
2017-01-17,School of the Ozarks,56,New Covenant Academy,53
2017-01-17,Salisbury,59,New Franklin,28
2017-01-17,Hartville,54,Nixa,61
2017-01-17,Rock Port,60,Nodaway-Holt,69
2017-01-17,Brunswick,43,Norborne,42
2017-01-17,McCluer South-Berkeley,59,Normandy Collaborative,64
2017-01-17,Community,38,North Callaway,65
2017-01-17,Cainsville with Ridgeway,59,North Harrison,53
2017-01-17,Truman,58,North Kansas City,70
2017-01-17,Gateway,53,North Technical,68
2017-01-17,Mound City,60,Northeast Nodaway,33
2017-01-17,Plattsburg,69,Northland Christian,49
2017-01-17,Lindbergh,66,Northwest (Cedar Hill),37
2017-01-17,Windsor,47,Northwest (Hughesville),37
2017-01-17,Greenwood,54,Norwood,44
2017-01-17,Liberty North,52,Oak Park,50
2017-01-17,Scott City,66,Oak Ridge,37
2017-01-17,St. Charles,71,Orchard Farm,53
2017-01-17,North Nodaway,60,Osborn,24
2017-01-17,Cole Camp,87,Otterville,48
2017-01-17,New Haven,26,Pacific,59
2017-01-17,Knox County,41,Palmyra,60
2017-01-17,Raymore-Peculiar,37,Park Hill South,63
2017-01-17,West Plains,50,Parkview,74
2017-01-17,Dora,55,Plato,72
2017-01-17,Belton,68,Platte County,60
2017-01-17,Warrensburg,57,Pleasant Hill,56
2017-01-17,Trenton,62,Polo,30
2017-01-17,Higbee,85,Prairie Home,96
2017-01-17,Putnam County,67,Princeton,57
2017-01-17,Maplewood-Richmond Hts.,53,Principia,34
2017-01-17,New Heights Christian,67,Purdy,76
2017-01-17,Verona,47,Reeds Spring,62
2017-01-17,Vienna,47,Richland,83
2017-01-17,Cooter,47,Risco,75
2017-01-17,Hazelwood East,61,Ritenour,85
2017-01-17,Eugene,86,Russellville,55
2017-01-17,Stover,46,Sacred Heart,78
2017-01-17,Blair Oaks,70,Salem,56
2017-01-17,Chilhowee,24,Santa Fe,64
2017-01-17,Kennett,39,Saxony Lutheran,59
2017-01-17,Marceline,58,Schuyler County,48
2017-01-17,Eureka,68,Seckman,45
2017-01-17,Portageville,72,Senath-Hornersville,32
2017-01-17,Willow Springs,47,Seymour,54
2017-01-17,Northeast Vernon County,37,Sheldon,68
2017-01-17,Glasgow,65,Slater,28
2017-01-17,La Monte,34,Smithton,75
2017-01-17,Excelsior Springs,57,Smithville,47
2017-01-17,Carnahan,48,Soldan International Studies,56
2017-01-17,New Bloomfield,59,South Callaway,58
2017-01-17,Milan,67,South Harrison,65
2017-01-17,Seneca,57,Southwest (Washburn),68
2017-01-17,Strafford,29,Springfield Catholic,51
2017-01-17,Veritas Christian Academy,61,St. Charles West,53
2017-01-17,Tuscumbia,43,St. Elizabeth,54
2017-01-17,Sullivan,48,St. James,43
2017-01-17,Braymer,43,St. Joseph Christian,59
2017-01-17,Rock Bridge,77,St. Pius X (Kansas City),34
2017-01-17,Leopold,47,St. Vincent,75
2017-01-17,William Chrisman,34,Staley,55
2017-01-17,North Andrew,59,Stanberry,65
2017-01-17,DeSoto,46,Ste. Genevieve,62
2017-01-17,Kingston,31,Steelville,82
2017-01-17,Northeast (Cairo),68,Sturgeon,80
2017-01-17,Thayer,74,Summersville,18
2017-01-17,South Holt,62,Tarkio with Fairfax,50
2017-01-17,Francis Howell North,56,Timberland,67
2017-01-17,Grundy County with Newtown-Harris,41,Tina-Avalon,49
2017-01-17,Green Ridge,74,Tipton,63
2017-01-17,Lutheran St. Charles,58,Trinity Catholic,68
2017-01-17,Central (New Madrid County),73,Twin Rivers,51
2017-01-17,Stewartsville with Osborn,64,Union Star,30
2017-01-17,Parkway Central,68,University City,53
2017-01-17,Meadow Heights,64,Valley,60
2017-01-17,Barat Academy,34,Valley Park,75
2017-01-17,Sherwood,55,Van Horn,46
2017-01-17,Southern Boone,85,Versailles,60
2017-01-17,Winfield,41,Warrenton,63
2017-01-17,Halfway,31,Weaubleau,50
2017-01-17,DeKalb,46,West Nodaway with Nodaway-Holt,58
2017-01-17,Priory,51,Westminster Christian Academy,60
2017-01-17,Sweet Springs,48,Westran,33
2017-01-17,Grandview (Hillsboro),50,Windsor (Imperial),82
2017-01-17,Fort Osage,60,Winnetonka,76
2017-01-17,Bell City,54,Woodland,69
2017-01-17,Advance,81,Zalma,52
2017-01-18,Archie,39,Adrian,48
2017-01-18,North Shelby,61,Atlanta,13
2017-01-18,Bayless,47,Bishop DuBourg,62
2017-01-18,Valley,36,Bismarck,73
2017-01-18,Hancock,55,Brentwood,59
2017-01-18,Golden City,55,Bronaugh,75
2017-01-18,Miami (Amoret),50,Calhoun,64
2017-01-18,Barat Academy,28,Clopton,55
2017-01-18,Vienna,56,Crocker,78
2017-01-18,Tuscumbia,52,Dixon,53
2017-01-18,Midway,37,Drexel,47
2017-01-18,Skyline,67,El Dorado Springs,62
2017-01-18,Union,46,Elsberry,44
2017-01-18,Vianney,63,Eureka,48
2017-01-18,Hillsboro,76,Fox,59
2017-01-18,West County,68,Grandview (Hillsboro),36
2017-01-18,Linn County,59,Green City,39
2017-01-18,Brentwood,59,Hancock,55
2017-01-18,Pattonville,65,Hazelwood West,54
2017-01-18,Lee's Summit West,73,Hogan Prep Academy Charter,69
2017-01-18,Clinton,86,Holden,51
2017-01-18,Lakeland,62,Humansville,51
2017-01-18,St. Elizabeth,60,Iberia,63
2017-01-18,Missouri School for the Deaf,48,Jamestown,25
2017-01-18,John Burroughs,47,Ladue Horton Watkins,60
2017-01-18,Ruskin,57,Lee's Summit,61
2017-01-18,Wheatland,73,Leeton,76
2017-01-18,Raytown South,71,Lincoln College Prep,64
2017-01-18,Kirkwood,39,Lindbergh,57
2017-01-18,Weaubleau,28,Macks Creek,40
2017-01-18,Van-Far,70,Mark Twain,46
2017-01-18,Oak Grove,77,Marshall,62
2017-01-18,Canton,56,Monroe City,62
2017-01-18,Rock Bridge,72,North Kansas City,48
2017-01-18,Northland Christian,48,North Platte,43
2017-01-18,Raymore-Peculiar,42,Oak Park,63
2017-01-18,St. Pius X (Kansas City),49,Oak Park,76
2017-01-18,O'Hara,92,Orrick,19
2017-01-18,Liberty North,49,Park Hill South,60
2017-01-18,Liberty (Wentzville),54,Parkway North,46
2017-01-18,Summit Christian Academy,66,Raytown,67
2017-01-18,Lathrop,54,Savannah,50
2017-01-18,South Shelby,66,Scotland County,61
2017-01-18,North County,79,Seckman,51
2017-01-18,St. Pius X (Kansas City),53,Truman,43
2017-01-18,Lift for Life Academy Charter,43,University City,52
2017-01-18,Kingston,29,Valle Catholic,56
2017-01-18,Bunceton,62,Wentworth Military Academy,53
2017-01-18,Duchesne,47,Whitfield,62
2017-01-19,Drexel,52,Ballard,36
2017-01-19,Battle,68,Barstow,71
2017-01-19,Delta,60,Bell City,80
2017-01-19,Maryville,57,Benton,58
2017-01-19,Sarcoxie,42,Billings,47
2017-01-19,Hickman,64,Blue Springs,68
2017-01-19,Missouri Military Academy,83,Bourbon,73
2017-01-19,Everton,55,Bradleyville,78
2017-01-19,Ellington,51,Bunker,50
2017-01-19,South Pemiscot,63,Campbell,52
2017-01-19,Reeds Spring,55,Cassville,42
2017-01-19,Center,48,Central (St. Joseph),58
2017-01-19,Macon,45,Centralia,47
2017-01-19,Niangua,55,Chadwick,58
2017-01-19,Sherwood,64,Chilhowee,56
2017-01-19,Cooter,52,Clarkton,67
2017-01-19,Sumner,47,Cleveland NJROTC,41
2017-01-19,Warsaw,30,Cole Camp,56
2017-01-19,Wellington-Napoleon,59,Concordia,39
2017-01-19,Hollister,43,Conway,50
2017-01-19,Arcadia Valley,50,Crystal City,47
2017-01-19,Newburg,57,Cuba,44
2017-01-19,Fair Play,61,Dadeville,30
2017-01-19,Tuscumbia,51,Dixon,53
2017-01-19,Greenville,64,Doniphan,74
2017-01-19,Oran,63,East Prairie,67
2017-01-19,Thayer,52,Eminence,41
2017-01-19,Central (Park Hills),45,Farmington,44
2017-01-19,Brunswick,37,Fayette,75
2017-01-19,Marionville,64,Galena,42
2017-01-19,Winston,71,Gilman City with North Daviess,21
2017-01-19,Pilot Grove,31,Glasgow,81
2017-01-19,Ozark,73,Glendale,77
2017-01-19,Hazelwood Central,67,Hazelwood East,42
2017-01-19,Bevier,44,Higbee,56
2017-01-19,Knox County,46,Highland,43
2017-01-19,Miller Career Academy,64,Jackson,50
2017-01-19,McCluer South-Berkeley,58,Jennings,62
2017-01-19,Norborne,51,Keytesville,45
2017-01-19,Carrollton,44,Knob Noster,74
2017-01-19,Stover,64,La Monte,31
2017-01-19,Marceline,56,La Plata,45
2017-01-19,Liberty,63,Lafayette (St. Joseph),60
2017-01-19,Rockhurst,63,Lee's Summit North,69
2017-01-19,Richland (Essex),29,Leopold,39
2017-01-19,Winona,42,Liberty (Mountain View),74
2017-01-19,Crest Ridge,56,Lutheran (Kansas City),50
2017-01-19,Ava,84,Lutie,72
2017-01-19,Riverview Gardens,59,McCluer North,77
2017-01-19,Roosevelt,67,Metro,57
2017-01-19,Father Tolton,74,Mexico,39
2017-01-19,Calhoun,71,Miami (Amoret),50
2017-01-19,Harrisburg,78,Moberly,69
2017-01-19,Nevada,54,Monett,29
2017-01-19,Wright City,49,Montgomery County,83
2017-01-19,South Holt,60,Mound City,54
2017-01-19,Strafford,57,Mt. Vernon,68
2017-01-19,Affton,59,Normandy Collaborative,55
2017-01-19,St. Pius X (Kansas City),49,Oak Park,76
2017-01-19,Center,56,Odessa,45
2017-01-19,Clark County,53,Palmyra,47
2017-01-19,Albany,38,Pattonsburg,59
2017-01-19,Wheaton,29,Purdy,67
2017-01-19,Truman,43,Raymore-Peculiar,47
2017-01-19,El Dorado Springs,55,Rich Hill,54
2017-01-19,Crocker,62,Richland,69
2017-01-19,Northland Christian,51,Richmond,78
2017-01-19,Christian Brothers College,68,Ritenour,66
2017-01-19,Marion County,47,Schuyler County,62
2017-01-19,Scott County Central,91,Scott City,64
2017-01-19,Chamois,34,South Callaway,33
2017-01-19,Van Buren,37,South Iron,43
2017-01-19,Tina-Avalon,51,Southwest (Livingston County) with Breckenridge,37
2017-01-19,Verona,57,Spokane,50
2017-01-19,Salem,79,St. James,71
2017-01-19,Columbia Independent,62,St. Mary's South Side,69
2017-01-19,Fatima,72,Steelville,74
2017-01-19,Blair Oaks,62,Sullivan,54
2017-01-19,Collegiate School of Med-Bio Science with Central Visual and Performing Arts,20,Transportation and Law,95
2017-01-19,Skyline,57,Wheatland,54
2017-01-20,Lift for Life Academy Charter,70,Affton,77
2017-01-20,Summersville,45,Alton,74
2017-01-20,Strafford,55,Ash Grove,39
2017-01-20,Marshfield,50,Aurora,46
2017-01-20,Silex,42,Barat Academy,45
2017-01-20,Kearney,49,Belton,56
2017-01-20,Platte County,53,Benton,62
2017-01-20,Arcadia Valley,72,Bismarck,73
2017-01-20,Verona,37,Blue Eye,59
2017-01-20,Liberty,69,Blue Springs,57
2017-01-20,Grandview,57,Blue Springs South,54
2017-01-20,Missouri Military Academy,83,Bourbon,73
2017-01-20,North Andrew,68,Braymer,67
2017-01-20,Crossroads College Preparatory,33,Brentwood,73
2017-01-20,Stockton,41,Butler,65
2017-01-20,Tri-County,55,Cainsville with Ridgeway,70
2017-01-20,Stoutland,59,Calvary Lutheran,68
2017-01-20,West Plains,72,Camdenton,75
2017-01-20,Bishop LeBlond,43,Cameron,47
2017-01-20,Galena,50,Cassville,66
2017-01-20,Rockhurst,64,Center,70
2017-01-20,Doniphan,57,Central (Cape Girardeau),62
2017-01-20,Dexter,77,Central (New Madrid County),61
2017-01-20,Fredericktown,35,Central (Park Hills),71
2017-01-20,Hillcrest,79,Central (Springfield),62
2017-01-20,Lee's Summit North,67,Central (St. Joseph),77
2017-01-20,Hurley,64,Chadwick,47
2017-01-20,SLUH,50,Christian Brothers College,47
2017-01-20,Mt. Vernon,68,Clever,70
2017-01-20,Fair Play,60,Climax Springs,39
2017-01-20,North Callaway,39,Clopton,55
2017-01-20,St. Elizabeth,68,Crocker,65
2017-01-20,Vianney,70,De Smet Jesuit,71
2017-01-20,Gideon,73,Delta (Deering),64
2017-01-20,Festus,59,DeSoto,57
2017-01-20,Vienna,61,Dixon,69
2017-01-20,Viburnum,51,East Carter,64
2017-01-20,Scott County Central,68,East Prairie,66
2017-01-20,Louisiana,65,Elsberry,33
2017-01-20,New Covenant Academy,84,Everton,74
2017-01-20,Pleasant Hill,56,Excelsior Springs,52
2017-01-20,Seymour,43,Fordland,52
2017-01-20,Sparta,56,Forsyth,42
2017-01-20,William Chrisman,44,Fort Osage,50
2017-01-20,Francis Howell North,46,Francis Howell,70
2017-01-20,Holt,58,Ft. Zumwalt East,56
2017-01-20,Ft. Zumwalt South,50,Ft. Zumwalt North,42
2017-01-20,Francis Howell Central,46,Ft. Zumwalt West,68
2017-01-20,Owensville,37,Fulton,59
2017-01-20,Lutie,59,Gainesville,61
2017-01-20,South Harrison,53,Gallatin,55
2017-01-20,North Harrison,51,Gilman City with North Daviess,38
2017-01-20,Branson,68,Glendale,91
2017-01-20,Marion C. Early,36,Greenfield,53
2017-01-20,Leopold,55,Greenville,70
2017-01-20,Buffalo,35,Greenwood,68
2017-01-20,Mercer,82,Grundy County with Newtown-Harris,35
2017-01-20,Southwest (Livingston County) with Breckenridge,54,Hale with Bosworth,57
2017-01-20,Valley Park,68,Hancock,77
2017-01-20,Marshall,67,Hannibal,81
2017-01-20,Dadeville,36,Harrisonville,64
2017-01-20,Caruthersville,73,Hayti,48
2017-01-20,Lafayette (St. Joseph),75,Hickman,61
2017-01-20,Ruskin,57,Hogan Prep Academy Charter,66
2017-01-20,Clinton,86,Holden,51
2017-01-20,Diamond,65,Jasper,53
2017-01-20,Herculaneum,77,Jefferson (Festus),69
2017-01-20,St. Francis Borgia,64,John F. Kennedy,34
2017-01-20,Sikeston,80,Kennett,51
2017-01-20,Linn County,60,Keytesville,66
2017-01-20,Stanberry,46,King City,31
2017-01-20,Boonville,52,Kirksville,65
2017-01-20,Van-Far,50,Knox County,67
2017-01-20,Houston,42,Koshkonong,44
2017-01-20,Green Ridge,68,La Monte,20
2017-01-20,Scotland County,68,La Plata,71
2017-01-20,Clayton,53,Ladue Horton Watkins,63
2017-01-20,Mehlville,62,Lafayette (Wildwood),65
2017-01-20,Holden,35,Lafayette County,73
2017-01-20,Archie,57,Lakeland,64
2017-01-20,Cabool,60,Laquey,36
2017-01-20,Smith-Cotton,70,Lebanon,73
2017-01-20,Lee's Summit West,65,Lee's Summit,36
2017-01-20,Montrose,65,Leeton,85
2017-01-20,Washington,57,Liberty (Wentzville),60
2017-01-20,Windsor,25,Lincoln,68
2017-01-20,Summit Christian Academy,68,Lincoln College Prep,72
2017-01-20,New Bloomfield,48,Linn,53
2017-01-20,Pleasant Hope,44,Lockwood,69
2017-01-20,Priory,54,Lutheran North,51
2017-01-20,St. Dominic,58,Lutheran St. Charles,62
2017-01-20,Bevier,51,Macon County,25
2017-01-20,Portageville,50,Malden,71
2017-01-20,Plato,53,Mansfield,75
2017-01-20,St. Paul Lutheran (Farmington),52,Marquand-Zion,54
2017-01-20,Northwest (Cedar Hill),32,Marquette,42
2017-01-20,Putnam County,59,Maysville,51
2017-01-20,Gateway Science Charter,54,McKinley Classical Leadership,69
2017-01-20,Advance,73,Meadow Heights,66
2017-01-20,John F. Kennedy,42,Metro,39
2017-01-20,East Buchanan,46,Mid-Buchanan,54
2017-01-20,Adrian,53,Midway,34
2017-01-20,Trenton,82,Milan,67
2017-01-20,Southwest (Washburn),49,Miller,46
2017-01-20,Webb City,85,Monett,41
2017-01-20,Hermann,66,Montgomery County,74
2017-01-20,Hartville,66,Mountain Grove,70
2017-01-20,Richland (Essex),51,Naylor,50
2017-01-20,Twin Rivers,64,Neelyville,57
2017-01-20,Glasgow,52,New Franklin,28
2017-01-20,Wellsville-Middletown,71,New Haven,54
2017-01-20,Brashear,32,Newtown-Harris,40
2017-01-20,Kickapoo,61,Nixa,57
2017-01-20,North Nodaway,45,Nodaway-Holt,41
2017-01-20,Liberty North,25,North Kansas City,66
2017-01-20,Cooter,115,North Pemiscot,45
2017-01-20,Salisbury,65,Northeast (Cairo),35
2017-01-20,Jefferson (Conception),62,Northeast Nodaway,29
2017-01-20,Calhoun,83,Northeast Vernon County,56
2017-01-20,Cole Camp,60,Northwest (Hughesville),28
2017-01-20,Meadville,54,Northwestern (Mendon),49
2017-01-20,Saxony Lutheran,46,Notre Dame (Cape Girardeau),49
2017-01-20,Green City,47,Novinger,51
2017-01-20,Odessa,41,Oak Grove,44
2017-01-20,Eureka,61,Oakville,49
2017-01-20,Scott City,64,Oran,85
2017-01-20,Eugene,63,Osage,54
2017-01-20,Drexel,50,Osceola,64
2017-01-20,Rock Bridge,71,Park Hill South,76
2017-01-20,Parkway West,60,Parkway Central,50
2017-01-20,Lindbergh,46,Parkway South,60
2017-01-20,Worth County,58,Pattonsburg,27
2017-01-20,North Platte,20,Penney,69
2017-01-20,Madison,70,Pilot Grove,62
2017-01-20,Lawson,67,Plattsburg,51
2017-01-20,Princeton,49,Polo,64
2017-01-20,North County,65,Potosi,53
2017-01-20,John Burroughs,50,Principia,38
2017-01-20,Bernie,56,Puxico,52
2017-01-20,Raytown South,47,Raytown,49
2017-01-20,Marionville,43,Reeds Spring,54
2017-01-20,McDonald County,20,Republic,62
2017-01-20,Appleton City,54,Rich Hill,59
2017-01-20,Iberia,62,Richland,53
2017-01-20,Holcomb,37,Risco,67
2017-01-20,Tarkio with Fairfax,53,Rock Port,60
2017-01-20,Ritenour,65,Rockwood Summit,58
2017-01-20,Licking,60,Rolla,63
2017-01-20,St. Paul Lutheran (Concordia),47,Santa Fe,19
2017-01-20,Maryville,54,Savannah,39
2017-01-20,North Shelby,52,Schuyler County,56
2017-01-20,Lutheran (Kansas City),76,Sherwood,82
2017-01-20,Sacred Heart,65,Smithton,53
2017-01-20,DeKalb,36,South Holt,80
2017-01-20,Senath-Hornersville,58,South Pemiscot,79
2017-01-20,Eldon,23,Southern Boone,66
2017-01-20,Campbell,72,Southland,12
2017-01-20,Hollister,39,Springfield Catholic,63
2017-01-20,Winfield,45,St. Charles West,74
2017-01-20,Cuba,37,St. James,83
2017-01-20,Albany,34,St. Joseph Christian,64
2017-01-20,Smithville,44,Staley,65
2017-01-20,Farmington,70,Ste. Genevieve,36
2017-01-20,Osborn,37,Stewartsville with Osborn,60
2017-01-20,Slater,66,Sturgeon,73
2017-01-20,Blair Oaks,62,Sullivan,54
2017-01-20,Lone Jack,46,Sweet Springs,62
2017-01-20,Troy Buchanan,61,Timberland,40
2017-01-20,Otterville,48,Tipton,55
2017-01-20,Cainsville with Ridgeway,70,Tri-County,55
2017-01-20,South Nodaway with Jefferson (Conception),60,Union Star,24
2017-01-20,Confluence Prep Academy Charter,71,University City,48
2017-01-20,West County,77,Valle Catholic,52
2017-01-20,Kingston,29,Valley,39
2017-01-20,University Academy Charter,59,Van Horn,63
2017-01-20,Duchesne,52,Veritas Christian Academy,31
2017-01-20,California,70,Versailles,79
2017-01-20,De Smet Jesuit,71,Vianney,70
2017-01-20,Orchard Farm,43,Warrenton,62
2017-01-20,Hallsville,61,Warsaw,38
2017-01-20,Walnut Grove,70,Weaubleau,23
2017-01-20,Parkway North,38,Webster Groves,72
2017-01-20,Norborne,52,Wentworth Military Academy,43
2017-01-20,Mound City,67,West Nodaway with Nodaway-Holt,40
2017-01-20,Lathrop,70,West Platte,29
2017-01-20,Lutheran South,64,Westminster Christian Academy,72
2017-01-20,Jamestown,54,Westran,57
2017-01-20,Sheldon,31,Wheatland,79
2017-01-20,Bolivar,43,Willard,37
2017-01-20,St. Clair,42,Windsor (Imperial),41
2017-01-20,Bloomfield,56,Woodland,37
2017-01-21,Koshkonong,68,Alton,73
2017-01-21,St. Mary's South Side,55,Alton,62
2017-01-21,Rich Hill,48,Appleton City,54
2017-01-21,Steelville,56,Aurora,63
2017-01-21,Louisiana,61,Barat Academy,37
2017-01-21,Laquey,43,Belle,44
2017-01-21,Verona,36,Blue Eye,59
2017-01-21,School of the Ozarks,81,Bradleyville,67
2017-01-21,Van Buren,39,Bunker,34
2017-01-21,Willard,67,Camdenton,30
2017-01-21,De Smet Jesuit,56,Cardinal Ritter,53
2017-01-21,Lebanon,61,Carthage,41
2017-01-21,Galena,50,Cassville,66
2017-01-21,Brookfield,47,Centralia,59
2017-01-21,Conway,37,Chillicothe,38
2017-01-21,Osceola,73,Climax Springs,55
2017-01-21,Hardin-Central,53,Concordia,48
2017-01-21,Crystal City,28,DeSoto,72
2017-01-21,Winona,59,Eminence,73
2017-01-21,Wheaton,40,Exeter,59
2017-01-21,Jefferson (Festus),58,Festus,59
2017-01-21,Perryville,56,Grandview (Hillsboro),45
2017-01-21,Butler,63,Greenfield,68
2017-01-21,Hermitage,76,Halfway,30
2017-01-21,Father Tolton,80,Harrisburg,57
2017-01-21,Lockwood,50,Harrisonville,54
2017-01-21,Windsor (Imperial),59,Herculaneum,28
2017-01-21,St. Vincent,64,Hillsboro,72
2017-01-21,Penney,71,Iberia,64
2017-01-21,St. Charles,46,Jackson,52
2017-01-21,Thomas Jefferson Independent Day,53,Liberal,66
2017-01-21,Thayer,67,Liberty (Mountain View),65
2017-01-21,Crane,46,Logan-Rogersville,50
2017-01-21,Skyline,61,Macks Creek,50
2017-01-21,South Shelby,58,Marceline,56
2017-01-21,Stockton,52,Marion C. Early,51
2017-01-21,Confluence Prep Academy Charter,86,McCluer South-Berkeley,71
2017-01-21,Linn County,38,Mercer,56
2017-01-21,Moberly,61,Mexico,46
2017-01-21,Pattonville,73,Miller Career Academy,67
2017-01-21,Clark County,51,Monroe City,53
2017-01-21,Chilhowee,48,Montrose,74
2017-01-21,SLUH,56,Ozark,51
2017-01-21,Canton,64,Palmyra,63
2017-01-21,Miller Career Academy,69,Pattonville,73
2017-01-21,Battle,83,Pembroke Hill,79
2017-01-21,Caruthersville,83,Poplar Bluff,95
2017-01-21,Billings,70,Purdy,73
2017-01-21,Blair Oaks,66,Rolla,71
2017-01-21,Carnahan,61,Roosevelt,59
2017-01-21,Prairie Home,83,Russellville,53
2017-01-21,Newburg,67,Salem,62
2017-01-21,New Heights Christian,45,Sarcoxie,40
2017-01-21,Whitfield,47,Sikeston,78
2017-01-21,Ellington,50,South Iron,51
2017-01-21,Kennett,57,South Pemiscot,41
2017-01-21,North County,68,St. Pius X (Festus),53
2017-01-21,Northwest (Hughesville),38,Stover,56
2017-01-21,Licking,60,Sullivan,50
2017-01-21,Helias Catholic,64,Waynesville,37
2017-01-21,O'Hara,69,Wellington-Napoleon,85
2017-01-22,Lincoln,45,Glasgow,44
2017-01-22,Father Tolton,58,Harrisburg,48
2017-01-22,Glasgow,44,Lincoln,45
2017-01-22,Sacred Heart,45,Salisbury,47
2017-01-22,Boonville,55,Southern Boone,61
2017-01-23,Rich Hill,44,Adrian,63
2017-01-23,Richland (Essex),46,Advance,80
2017-01-23,North Andrew,66,Albany,25
2017-01-23,Climax Springs,47,Appleton City,59
2017-01-23,Fair Grove,87,Bakersfield,31
2017-01-23,Clayton,50,Bayless,36
2017-01-23,Brunswick,40,Bevier,35
2017-01-23,Gallatin,39,Braymer,54
2017-01-23,Maplewood-Richmond Hts.,49,Brentwood,39
2017-01-23,Strafford,72,Buffalo,43
2017-01-23,Northwest (Hughesville),84,Calhoun,63
2017-01-23,Wellington-Napoleon,70,Carrollton,54
2017-01-23,Kingsville,40,Clinton,46
2017-01-23,Southwest (Washburn),57,Crane,82
2017-01-23,Crossroads College Preparatory,35,Crystal City,52
2017-01-23,Stanberry,77,DeKalb,21
2017-01-23,Puxico,33,Dexter,66
2017-01-23,Hartville,80,Dora,41
2017-01-23,Sweet Springs,53,Fayette,56
2017-01-23,Sparta,34,Forsyth,59
2017-01-23,Blue Springs,72,Fort Osage,60
2017-01-23,Troy Buchanan,50,Ft. Zumwalt North,45
2017-01-23,Portageville,56,Gideon,54
2017-01-23,East Carter,47,Greenville,82
2017-01-23,Frontier STEM,41,Guadalupe Centers Charter,57
2017-01-23,Linn County,62,Hale with Bosworth,47
2017-01-23,Herculaneum,66,Hancock,70
2017-01-23,Liberty (Wentzville),47,Hazelwood Central,62
2017-01-23,McCluer South-Berkeley,87,Hazelwood West,72
2017-01-23,Northeast (Kansas City),45,Hickman,51
2017-01-23,Norborne,54,Higbee,72
2017-01-23,Parkway Central,70,Hillsboro,63
2017-01-23,Stoutland,41,Hollister,65
2017-01-23,West Platte,25,Jefferson (Conception),68
2017-01-23,Normandy Collaborative,58,Jennings,77
2017-01-23,Stewartsville with Osborn,42,King City,41
2017-01-23,Bismarck,84,Kingston,48
2017-01-23,De Smet Jesuit,53,Lafayette (Wildwood),59
2017-01-23,Marquand-Zion,43,Leopold,72
2017-01-23,East (Kansas City),42,Lincoln College Prep,69
2017-01-23,Vienna,38,Linn,70
2017-01-23,Willow Springs,30,Logan-Rogersville,64
2017-01-23,Greenwood,72,Lutie,42
2017-01-23,Meadville,75,Macon County,38
2017-01-23,Pierce City,67,McAuley Catholic,72
2017-01-23,Northland Christian,51,Mid-Buchanan,61
2017-01-23,Sheldon,51,Montrose,62
2017-01-23,School of the Ozarks,57,Niangua,23
2017-01-23,Worth County,52,Nodaway-Holt,46
2017-01-23,Jennings,77,Normandy Collaborative,58
2017-01-23,Gateway Science Charter,44,North County,82
2017-01-23,Northeast Nodaway,40,North Harrison,29
2017-01-23,Bradleyville,72,Norwood,62
2017-01-23,Washington,60,Owensville,32
2017-01-23,Sikeston,76,Parkway North,35
2017-01-23,Parkway West,46,Parkway South,53
2017-01-23,Tri-County,21,Pattonsburg,83
2017-01-23,Marshall,63,Platte County,75
2017-01-23,Halfway,33,Pleasant Hope,52
2017-01-23,Valley,52,Potosi,67
2017-01-23,Lexington,41,Richmond,68
2017-01-23,Hurley,50,Sarcoxie,58
2017-01-23,Sullivan,52,Seckman,55
2017-01-23,Glasgow,79,Slater,40
2017-01-23,Santa Fe,0,Slater,0
2017-01-23,Richland,61,St. Elizabeth,57
2017-01-23,Ste. Genevieve,59,St. Vincent,64
2017-01-23,West Nodaway with Nodaway-Holt,36,Tarkio with Fairfax,59
2017-01-23,Salem,53,Thayer,67
2017-01-23,South Harrison,45,Trenton,71
2017-01-23,St. Francis Borgia,62,Union,32
2017-01-23,Odessa,74,University Academy Charter,63
2017-01-23,Clearwater,44,Viburnum,57
2017-01-24,Bunker,51,Alton,45
2017-01-24,Farmington,87,Arcadia Valley,45
2017-01-24,Drexel,47,Archie,43
2017-01-24,Marionville,56,Ash Grove,52
2017-01-24,Webb City,55,Aurora,63
2017-01-24,Marshfield,70,Ava,55
2017-01-24,Hancock,76,Bayless,30
2017-01-24,Bernie,51,Bell City,47
2017-01-24,Winnetonka,58,Belton,77
2017-01-24,Southern Boone,52,Blair Oaks,65
2017-01-24,Woodland,36,Bloomfield,45
2017-01-24,Lee's Summit North,80,Blue Springs South,72
2017-01-24,Richland,71,Bourbon,44
2017-01-24,Elsberry,44,Bowling Green,48
2017-01-24,Parkview,69,Branson,64
2017-01-24,Newtown-Harris,54,Breckenridge,41
2017-01-24,Prairie Home,66,Bunceton,27
2017-01-24,Midway,18,Butler,65
2017-01-24,Laquey,35,Cabool,69
2017-01-24,Gilman City with North Daviess,54,Cainsville with Ridgeway,51
2017-01-24,Leeton,64,Calhoun,47
2017-01-24,Russellville,62,Calvary Lutheran,64
2017-01-24,Senath-Hornersville,29,Campbell,55
2017-01-24,McDonald County,37,Carthage,43
2017-01-24,Charleston,82,Caruthersville,67
2017-01-24,Reeds Spring,54,Cassville,48
2017-01-24,Perryville,31,Central (Cape Girardeau),63
2017-01-24,North Platte,34,Central (Kansas City),41
2017-01-24,Malden,56,Central (New Madrid County),63
2017-01-24,Joplin,52,Central (Springfield),63
2017-01-24,Truman,27,Central (St. Joseph),60
2017-01-24,Excelsior Springs,37,Chillicothe,58
2017-01-24,Doniphan,87,Clearwater,69
2017-01-24,Soldan International Studies,62,Cleveland NJROTC,24
2017-01-24,El Dorado Springs,44,Clinton,65
2017-01-24,Silex,29,Clopton,39
2017-01-24,Sturgeon,73,Community,68
2017-01-24,Niangua,40,Conway,83
2017-01-24,Winona,69,Couch,35
2017-01-24,La Monte,38,Crest Ridge,66
2017-01-24,Valley Park,75,Crossroads College Preparatory,38
2017-01-24,Viburnum,50,Cuba,61
2017-01-24,Greenfield,68,Dadeville,30
2017-01-24,Stanberry,77,DeKalb,21
2017-01-24,Crane,62,Diamond,50
2017-01-24,Fatima,73,Dixon,51
2017-01-24,Lathrop,47,East Buchanan,44
2017-01-24,Summersville,25,Ellington,84
2017-01-24,Van Buren,39,Eminence,66
2017-01-24,Humansville,55,Everton,60
2017-01-24,Gainesville,45,Fordland,71
2017-01-24,Blue Springs,72,Fort Osage,60
2017-01-24,Rockwood Summit,52,Fox,45
2017-01-24,Helias Catholic,69,Francis Howell North,47
2017-01-24,South Iron,63,Fredericktown,44
2017-01-24,Parkway North,42,Ft. Zumwalt North,65
2017-01-24,Osage,56,Fulton,60
2017-01-24,Verona,59,Galena,71
2017-01-24,Hillcrest,115,Glendale,118
2017-01-24,Sarcoxie,57,Golden City,29
2017-01-24,Cole Camp,69,Green Ridge,58
2017-01-24,Northwestern (Mendon),75,Grundy County with Newtown-Harris,50
2017-01-24,Marion C. Early,57,Halfway,43
2017-01-24,Harrisburg,63,Hallsville,56
2017-01-24,Priory,71,Hannibal,57
2017-01-24,Ballard,26,Hermitage,67
2017-01-24,Monroe City,60,Highland,63
2017-01-24,Clarkton,72,Holcomb,64
2017-01-24,Nevada,64,Holden,28
2017-01-24,Licking,80,Houston,50
2017-01-24,Santa Fe,52,Jamestown,58
2017-01-24,Rolla,76,Jefferson City,68
2017-01-24,Saxony Lutheran,82,Kelly,42
2017-01-24,Southwest (Livingston County) with Breckenridge,45,Keytesville,59
2017-01-24,Grandview (Hillsboro),48,Kingston,42
2017-01-24,Father Tolton,71,Kirksville,55
2017-01-24,Vianney,66,Kirkwood,58
2017-01-24,Versailles,68,Knob Noster,64
2017-01-24,Novinger,48,La Plata,53
2017-01-24,Westminster Christian Academy,57,Ladue Horton Watkins,63
2017-01-24,Hogan Prep Academy Charter,92,Lafayette (St. Joseph),82
2017-01-24,Bishop LeBlond,52,Lafayette County,70
2017-01-24,Osceola,52,Lakeland,62
2017-01-24,Cameron,57,Lawson,72
2017-01-24,Lee's Summit West,71,Lee's Summit,61
2017-01-24,Chaffee,60,Leopold,26
2017-01-24,Bismarck,68,Lesterville,48
2017-01-24,Centralia,55,Linn,58
2017-01-24,Winfield,37,Louisiana,66
2017-01-24,John Burroughs,49,Lutheran North,55
2017-01-24,Cardinal Ritter,72,Lutheran St. Charles,54
2017-01-24,Weaubleau,53,Macks Creek,56
2017-01-24,Northeast (Cairo),43,Madison,64
2017-01-24,University City,53,Maplewood-Richmond Hts.,57
2017-01-24,Atlanta,34,Marion County,59
2017-01-24,Canton,70,Mark Twain,57
2017-01-24,Delta,63,Marquand-Zion,58
2017-01-24,Eureka,59,Marquette,48
2017-01-24,Staley,69,Marshall,51
2017-01-24,Smithville,53,Maryville,58
2017-01-24,South Holt,60,Maysville,53
2017-01-24,Wheaton,48,McAuley Catholic,75
2017-01-24,Hazelwood East,40,McCluer North,66
2017-01-24,Affton,56,Mehlville,49
2017-01-24,Tina-Avalon,31,Mercer,50
2017-01-24,Moberly,55,Mexico,51
2017-01-24,Putnam County,74,Milan,71
2017-01-24,Jasper,52,Miller,45
2017-01-24,Metro,21,Miller Career Academy,62
2017-01-24,Springfield Catholic,66,Monett,40
2017-01-24,New Haven,56,Montgomery County,82
2017-01-24,West Platte,32,Mound City,52
2017-01-24,Willow Springs,31,Mountain Grove,74
2017-01-24,Greenville,68,Naylor,62
2017-01-24,Lutie,76,New Covenant Academy,66
2017-01-24,Lockwood,65,New Heights Christian,47
2017-01-24,North Nodaway,58,Nodaway-Holt,62
2017-01-24,Van-Far,62,North Callaway,55
2017-01-24,William Chrisman,29,North Kansas City,63
2017-01-24,Lutheran South,56,Northwest (Cedar Hill),28
2017-01-24,Central (Park Hills),52,Notre Dame (Cape Girardeau),53
2017-01-24,Pleasant Hill,52,Oak Grove,48
2017-01-24,McCluer,69,Oakville,35
2017-01-24,Oak Ridge,32,Oran,67
2017-01-24,North Technical,85,Orchard Farm,75
2017-01-24,Carnahan,51,Pacific,47
2017-01-24,Brookfield,53,Palmyra,66
2017-01-24,New Franklin,51,Paris with Faith Walk,37
2017-01-24,Liberty,50,Park Hill South,46
2017-01-24,Whitfield,65,Pattonville,62
2017-01-24,Polo,40,Penney,62
2017-01-24,Sacred Heart,65,Pilot Grove,53
2017-01-24,Crocker,46,Plato,62
2017-01-24,Kennett,54,Poplar Bluff,90
2017-01-24,North Pemiscot,32,Portageville,65
2017-01-24,Sullivan,74,Potosi,59
2017-01-24,Union Star,33,Princeton,87
2017-01-24,Thomas Jefferson Independent Day,49,Purdy,71
2017-01-24,Park Hill,50,Raymore-Peculiar,34
2017-01-24,Liberty North,49,Raytown,53
2017-01-24,Kearney,49,Raytown South,46
2017-01-24,Confluence Prep Academy Charter,75,Riverview Gardens,53
2017-01-24,Oak Park,76,Ruskin,58
2017-01-24,Scotland County,47,Schuyler County,49
2017-01-24,Hayti,92,Scott County Central,97
2017-01-24,Carl Junction,57,Seneca,47
2017-01-24,Tipton,66,Smithton,85
2017-01-24,New Bloomfield,59,South Callaway,58
2017-01-24,West Nodaway with Nodaway-Holt,43,South Nodaway with Jefferson (Conception),64
2017-01-24,Macon,33,South Shelby,34
2017-01-24,Delta (Deering),72,Southland,23
2017-01-24,Ft. Zumwalt East,42,St. Charles West,51
2017-01-24,Waynesville,54,St. Clair,41
2017-01-24,Chamois,20,St. James,67
2017-01-24,Winston,63,St. Joseph Christian,29
2017-01-24,Orrick,17,St. Paul Lutheran (Concordia),57
2017-01-24,Center,51,St. Pius X (Kansas City),41
2017-01-24,Ste. Genevieve,59,St. Vincent,64
2017-01-24,Salem,69,Steelville,73
2017-01-24,Francis Howell Central,56,Timberland,59
2017-01-24,Bishop DuBourg,30,Trinity Catholic,69
2017-01-24,East Prairie,68,Twin Rivers,59
2017-01-24,Jefferson (Festus),47,Valle Catholic,59
2017-01-24,Grain Valley,68,Van Horn,47
2017-01-24,John F. Kennedy,21,Veritas Christian Academy,53
2017-01-24,Wright City,34,Warrenton,63
2017-01-24,Lincoln,70,Warsaw,53
2017-01-24,Lutheran South,60,Waynesville,40
2017-01-24,Missouri Military Academy,51,Wellsville-Middletown,80
2017-01-24,St. Pius X (Festus),46,West County,76
2017-01-24,Salisbury,67,Westran,39
2017-01-24,Fair Play,45,Wheatland,58
2017-01-24,Otterville,60,Windsor,54
2017-01-24,Meadow Heights,56,Zalma,53
2017-01-25,King City,53,Albany,28
2017-01-25,Montrose,64,Appleton City,53
2017-01-25,Hume,13,Archie,70
2017-01-25,Norborne,34,Bevier,36
2017-01-25,Higbee,50,Brunswick,47
2017-01-25,Hale with Bosworth,46,Bucklin with Macon County,51
2017-01-25,Tri-County,41,Cainsville with Ridgeway,100
2017-01-25,Grandview,56,Center,46
2017-01-25,Mid-Buchanan,55,Central (Kansas City),42
2017-01-25,La Monte,74,Chilhowee,69
2017-01-25,Sheldon,55,Climax Springs,48
2017-01-25,Sumner,80,Collegiate School of Med-Bio Science with Central Visual and Performing Arts,46
2017-01-25,Maysville,67,DeKalb,38
2017-01-25,Central (Park Hills),52,DeSoto,47
2017-01-25,Polo,32,East Buchanan,60
2017-01-25,Glasgow,43,Fayette,55
2017-01-25,Hannibal,82,Francis Howell North,69
2017-01-25,Holt,62,Ft. Zumwalt South,71
2017-01-25,South Harrison,46,Gallatin,36
2017-01-25,Transportation and Law,90,Gateway,61
2017-01-25,Crystal City,44,Grandview (Hillsboro),48
2017-01-25,Tina-Avalon,51,Grundy County with Newtown-Harris,24
2017-01-25,Macon County,51,Hale with Bosworth,46
2017-01-25,Parkway Central,35,Hazelwood Central,60
2017-01-25,Priory,63,Helias Catholic,59
2017-01-25,Liberty (Wentzville),64,Hillsboro,67
2017-01-25,MICDS,54,Jackson,65
2017-01-25,University City,75,Jennings,88
2017-01-25,Oak Park,39,Kearney,49
2017-01-25,Parkway South,50,Lafayette (Wildwood),51
2017-01-25,Vianney,45,Lindbergh,33
2017-01-25,Guadalupe Centers Charter,41,Lone Jack,64
2017-01-25,Wellsville-Middletown,68,Mark Twain,62
2017-01-25,Rich Hill,49,Midway,38
2017-01-25,Jefferson (Conception),49,Mound City,50
2017-01-25,Union Star,31,North Harrison,47
2017-01-25,Worth County,56,North Nodaway,49
2017-01-25,Blue Springs South,63,Park Hill,76
2017-01-25,De Smet Jesuit,60,Parkway West,67
2017-01-25,Webster Groves,67,Ritenour,65
2017-01-25,Confluence Prep Academy Charter,63,Rockwood Summit,52
2017-01-25,Zalma,31,Scott City,71
2017-01-25,Troy Buchanan,28,Sikeston,58
2017-01-25,Sweet Springs,64,Slater,61
2017-01-25,Tarkio with Fairfax,65,South Nodaway with Jefferson (Conception),63
2017-01-25,California,59,Southern Boone,68
2017-01-25,Brentwood,56,Trinity Catholic,75
2017-01-26,Butler,61,Adrian,52
2017-01-26,Bernie,39,Advance,68
2017-01-26,Northeast (Cairo),48,Atlanta,41
2017-01-26,Nixa,73,Aurora,21
2017-01-26,Dora,49,Ava,68
2017-01-26,Bourbon,33,Belle,70
2017-01-26,Harrisonville,26,Belton,39
2017-01-26,Clever,78,Benton,91
2017-01-26,West Plains,52,Bolivar,82
2017-01-26,Clopton,44,Bowling Green,41
2017-01-26,Southwest (Livingston County) with Breckenridge,74,Bunceton,38
2017-01-26,Ellington,56,Bunker,39
2017-01-26,Conway,72,Cabool,59
2017-01-26,Lamar,69,Camdenton,59
2017-01-26,Bishop LeBlond,61,Cameron,38
2017-01-26,Metro,39,Carnahan,69
2017-01-26,Maryville,58,Chillicothe,43
2017-01-26,Senath-Hornersville,48,Clarkton,80
2017-01-26,Affton,60,Clayton,71
2017-01-26,McKinley Classical Leadership,73,Collegiate School of Med-Bio Science with Central Visual and Performing Arts,55
2017-01-26,Chilhowee,63,Crest Ridge,75
2017-01-26,New Covenant Academy,77,Dadeville,62
2017-01-26,Bloomfield,42,Dexter,55
2017-01-26,Delta,56,East Prairie,84
2017-01-26,Sherwood,58,El Dorado Springs,56
2017-01-26,Silex,40,Elsberry,41
2017-01-26,Winona,79,Eminence,77
2017-01-26,Smithville,64,Excelsior Springs,49
2017-01-26,Wheaton,59,Exeter,27
2017-01-26,Macon,24,Father Tolton,41
2017-01-26,Eugene,71,Fox,49
2017-01-26,Parkway North,47,Francis Howell North,49
2017-01-26,Pattonsburg,60,Gilman City with North Daviess,39
2017-01-26,New Heights Christian,73,Golden City,42
2017-01-26,Pleasant Hill,50,Grain Valley,29
2017-01-26,Newtown-Harris,40,Green City,63
2017-01-26,School of the Ozarks,49,Greenwood,63
2017-01-26,Moberly,64,Harrisburg,60
2017-01-26,Hazelwood West,50,Hazelwood East,60
2017-01-26,St. James,60,Hermann,57
2017-01-26,Branson,61,Hillcrest,69
2017-01-26,Strafford,65,Hollister,42
2017-01-26,Sacred Heart,61,Jamestown,53
2017-01-26,Prairie Home,54,Keytesville,36
2017-01-26,Holden,34,Knob Noster,72
2017-01-26,Lawson,54,Lafayette County,42
2017-01-26,Macks Creek,72,Lakeland,69
2017-01-26,Penney,72,Lathrop,53
2017-01-26,Northwest (Hughesville),37,Leeton,63
2017-01-26,Meadville,62,Linn County,38
2017-01-26,Mountain Grove,68,Logan-Rogersville,62
2017-01-26,Van-Far,50,Louisiana,60
2017-01-26,Scotland County,64,Marceline,58
2017-01-26,Madison,66,Marion County,46
2017-01-26,Lebanon,60,Marquette,58
2017-01-26,Hartville,78,Marshfield,50
2017-01-26,Northwestern (Mendon),85,Mercer,75
2017-01-26,Harrisburg,60,Moberly,64
2017-01-26,Warrenton,75,Montgomery County,73
2017-01-26,Doniphan,84,Naylor,62
2017-01-26,East Carter,27,Neelyville,64
2017-01-26,Versailles,42,Nevada,73
2017-01-26,Sturgeon,45,New Bloomfield,58
2017-01-26,Dadeville,62,New Covenant Academy,77
2017-01-26,Salisbury,57,New Franklin,34
2017-01-26,Wright City,47,New Haven,44
2017-01-26,Stewartsville with Osborn,34,North Andrew,71
2017-01-26,Winfield,32,North Callaway,67
2017-01-26,Northland Christian,44,North Platte,50
2017-01-26,Normandy Collaborative,68,North Technical,78
2017-01-26,Princeton,70,Northeast Nodaway,43
2017-01-26,St. Clair,50,Northwest (Cedar Hill),37
2017-01-26,Van Horn,59,Oak Grove,64
2017-01-26,Rockwood Summit,55,Oakville,47
2017-01-26,Center,56,Odessa,45
2017-01-26,Cristo Rey,54,O'Hara,68
2017-01-26,Veritas Christian Academy,58,Osage,34
2017-01-26,Weaubleau,56,Osceola,48
2017-01-26,Union,59,Owensville,33
2017-01-26,Winnetonka,52,Ozark,70
2017-01-26,Westran,68,Paris with Faith Walk,66
2017-01-26,Santa Fe,59,Pilot Grove,46
2017-01-26,Staley,68,Platte County,63
2017-01-26,Crossroads College Preparatory,27,Principia,60
2017-01-26,Mt. Vernon,46,Savannah,48
2017-01-26,Pierce City,54,Seneca,52
2017-01-26,Eldon,45,Smith-Cotton,67
2017-01-26,Community,33,South Callaway,59
2017-01-26,Stanberry,65,South Holt,49
2017-01-26,Caruthersville,62,South Pemiscot,52
2017-01-26,Risco,71,Southland,24
2017-01-26,Russellville,74,Stover,63
2017-01-26,Cuba,38,Sullivan,54
2017-01-26,Verona,64,Thomas Jefferson Independent Day,48
2017-01-26,Braymer,31,Trenton,61
2017-01-26,Stockton,53,Warsaw,37
2017-01-27,Dexter,51,Advance,54
2017-01-27,Normandy Collaborative,57,Affton,54
2017-01-27,Kingston,36,Arcadia Valley,60
2017-01-27,Rich Hill,47,Archie,53
2017-01-27,Novinger,60,Atlanta,27
2017-01-27,Harrisonville,47,Aurora,46
2017-01-27,Sparta,42,Bakersfield,38
2017-01-27,Miami (Amoret),30,Ballard,57
2017-01-27,Herculaneum,53,Bayless,34
2017-01-27,Nixa,70,Belton,46
2017-01-27,Bloomfield,43,Bernie,47
2017-01-27,Southwest (Livingston County) with Breckenridge,57,Bevier,54
2017-01-27,Linn,45,Blair Oaks,67
2017-01-27,Blue Springs South,62,Blue Springs,73
2017-01-27,Hurley,56,Bradleyville,73
2017-01-27,Valley Park,69,Brentwood,79
2017-01-27,Hermitage,75,Bronaugh,46
2017-01-27,Highland,53,Brookfield,44
2017-01-27,Tina-Avalon,47,Bucklin with Macon County,22
2017-01-27,Stoutland,69,Buffalo,49
2017-01-27,North Harrison,51,Cainsville with Ridgeway,33
2017-01-27,Chilhowee,87,Calhoun,68
2017-01-27,Hallsville,69,California,36
2017-01-27,Branson,73,Camdenton,64
2017-01-27,Excelsior Springs,51,Cameron,53
2017-01-27,North Pemiscot,44,Campbell,92
2017-01-27,Bishop DuBourg,28,Cardinal Ritter,78
2017-01-27,Bishop DuBourg,28,Cardinal Ritter,78
2017-01-27,Monett,56,Carl Junction,73
2017-01-27,Pierce City,56,Cassville,44
2017-01-27,Poplar Bluff,55,Central (Cape Girardeau),63
2017-01-27,Jefferson (Conception),51,Central (Kansas City),47
2017-01-27,Raytown,54,Central (St. Joseph),51
2017-01-27,Galena,71,Chadwick,37
2017-01-27,Scott County Central,81,Chaffee,52
2017-01-27,Kennett,53,Charleston,79
2017-01-27,Mark Twain,29,Clark County,57
2017-01-27,Southland,22,Clarkton,64
2017-01-27,McKinley Classical Leadership,70,Cleveland NJROTC,55
2017-01-27,Sherwood,40,Clinton,64
2017-01-27,Smithton,54,Cole Camp,83
2017-01-27,St. Paul Lutheran (Concordia),40,Concordia,36
2017-01-27,St. Pius X (Festus),56,Crystal City,40
2017-01-27,Liberty (Wentzville),55,De Smet Jesuit,47
2017-01-27,Senath-Hornersville,60,Delta (Deering),53
2017-01-27,Southwest (Washburn),50,Diamond,58
2017-01-27,Crocker,60,Dixon,76
2017-01-27,Trinity Catholic,53,Duchesne,57
2017-01-27,South Harrison,45,East Buchanan,60
2017-01-27,Hayti,69,East Prairie,79
2017-01-27,McAuley Catholic,78,Exeter,40
2017-01-27,Humansville,38,Fair Play,76
2017-01-27,Republic,60,Father Tolton,53
2017-01-27,Tuscumbia,62,Fatima,80
2017-01-27,Walnut Grove,89,Fordland,70
2017-01-27,Fair Grove,71,Forsyth,56
2017-01-27,Eldon,46,Fox,60
2017-01-27,Francis Howell,57,Francis Howell Central,37
2017-01-27,Ste. Genevieve,67,Fredericktown,44
2017-01-27,Hannibal,71,Ft. Zumwalt North,66
2017-01-27,Ft. Zumwalt East,48,Ft. Zumwalt South,59
2017-01-27,Collegiate School of Med-Bio Science with Central Visual and Performing Arts,23,Gateway,60
2017-01-27,Cooter,49,Gideon,67
2017-01-27,Miller,61,Golden City,68
2017-01-27,Clearwater,64,Greenville,68
2017-01-27,Everton,62,Halfway,63
2017-01-27,Orrick,50,Hardin-Central,71
2017-01-27,Missouri Military Academy,79,Harrisburg,95
2017-01-27,Lafayette (Wildwood),39,Hazelwood Central,70
2017-01-27,Lamar,56,Hillcrest,74
2017-01-27,Parkway West,49,Hillsboro,35
2017-01-27,Midway,57,Hume,21
2017-01-27,Notre Dame (Cape Girardeau),60,Jackson,55
2017-01-27,Purdy,77,Jasper,71
2017-01-27,Transportation and Law,38,Jefferson City,46
2017-01-27,Crossroads College Preparatory,39,John Burroughs,73
2017-01-27,Lutheran St. Charles,59,John F. Kennedy,42
2017-01-27,William Chrisman,38,Kearney,45
2017-01-27,Oak Ridge,64,Kelly,61
2017-01-27,Parkview,47,Kickapoo,71
2017-01-27,Maysville,59,King City,56
2017-01-27,Rockwood Summit,53,Kirkwood,63
2017-01-27,Schuyler County,40,Knox County,62
2017-01-27,Northeast (Cairo),42,La Plata,51
2017-01-27,Hazelwood West,51,Ladue Horton Watkins,78
2017-01-27,Veritas Christian Academy,53,Lebanon,43
2017-01-27,Lee's Summit West,64,Lee's Summit North,59
2017-01-27,Oran,64,Leopold,28
2017-01-27,Carrollton,54,Lexington,50
2017-01-27,Liberty,49,Liberty North,39
2017-01-27,Cuba,23,Licking,72
2017-01-27,Otterville,42,Lincoln,88
2017-01-27,Mercer,58,Linn County,44
2017-01-27,Greenfield,64,Lockwood,40
2017-01-27,John F. Kennedy,42,Lutheran St. Charles,59
2017-01-27,Palmyra,58,Macon,46
2017-01-27,Tina-Avalon,47,Macon County,22
2017-01-27,Doniphan,45,Malden,77
2017-01-27,McCluer South-Berkeley,86,Maplewood-Richmond Hts.,78
2017-01-27,North Shelby,33,Marceline,53
2017-01-27,Monroe City,73,Marion County,29
2017-01-27,Zalma,72,Marquand-Zion,51
2017-01-27,Osage,49,Marquette,76
2017-01-27,Ritenour,102,Mehlville,82
2017-01-27,Boonville,65,Mexico,49
2017-01-27,Brashear,25,Milan,64
2017-01-27,Fulton,42,Moberly,40
2017-01-27,Mid-Buchanan,70,Mound City,34
2017-01-27,McDonald County,31,Neosho,60
2017-01-27,Laquey,56,Niangua,29
2017-01-27,South Nodaway with Jefferson (Conception),51,Nodaway-Holt,62
2017-01-27,Central (Park Hills),70,North County,67
2017-01-27,Fort Osage,60,North Kansas City,69
2017-01-27,West Platte,20,North Platte,57
2017-01-27,Marshall,48,Oak Grove,54
2017-01-27,Benton,59,Ozark,64
2017-01-27,Eureka,35,Pacific,38
2017-01-27,Lee's Summit,60,Park Hill,70
2017-01-27,Parkway South,57,Parkway Central,48
2017-01-27,Lindbergh,88,Pattonville,72
2017-01-27,Northeast (Kansas City),57,Pembroke Hill,65
2017-01-27,Lutheran (Kansas City),41,Plattsburg,66
2017-01-27,Marion C. Early,53,Pleasant Hope,33
2017-01-27,Central (New Madrid County),65,Portageville,68
2017-01-27,Farmington,81,Potosi,55
2017-01-27,Grandview,63,Raytown South,51
2017-01-27,Iberia,71,Richland,55
2017-01-27,McCluer,80,Riverview Gardens,55
2017-01-27,Hogan Prep Academy Charter,55,Rock Bridge,76
2017-01-27,Joplin,45,Rolla,70
2017-01-27,Sweet Springs,36,Santa Fe,56
2017-01-27,Liberal,56,Sarcoxie,50
2017-01-27,Bolivar,56,Savannah,32
2017-01-27,Blue Eye,68,School of the Ozarks,56
2017-01-27,Perryville,79,Scott City,81
2017-01-27,Festus,45,Seckman,57
2017-01-27,Norwood,60,Seymour,70
2017-01-27,Weaubleau,62,Sheldon,49
2017-01-27,Priory,63,Sikeston,72
2017-01-27,Pilot Grove,71,Slater,64
2017-01-27,Webster Groves,59,SLUH,43
2017-01-27,Eugene,41,Smith-Cotton,56
2017-01-27,Bishop LeBlond,52,Smithville,43
2017-01-27,Spokane,33,Springfield Catholic,77
2017-01-27,Orchard Farm,59,St. Charles West,50
2017-01-27,Vienna,52,St. Elizabeth,75
2017-01-27,St. Dominic,33,St. Mary's South Side,62
2017-01-27,Jefferson (Festus),65,St. Paul Lutheran (Farmington),41
2017-01-27,Warrensburg,46,St. Pius X (Kansas City),44
2017-01-27,Newburg,57,Steelville,61
2017-01-27,Barstow,60,Summit Christian Academy,68
2017-01-27,Koshkonong,25,Thayer,74
2017-01-27,Northeast Vernon County,21,Thomas Jefferson Independent Day,74
2017-01-27,Ft. Zumwalt West,41,Timberland,48
2017-01-27,Stover,54,Tipton,60
2017-01-27,Helias Catholic,44,Troy Buchanan,39
2017-01-27,Park Hill South,67,Truman,53
2017-01-27,East Carter,54,Twin Rivers,74
2017-01-27,Billings,43,Verona,40
2017-01-27,Bourbon,59,Viburnum,61
2017-01-27,St. Francis Borgia,66,Washington,32
2017-01-27,Lutheran South,60,Waynesville,40
2017-01-27,East Newton,61,Webb City,77
2017-01-27,Calvary Lutheran,61,Wellsville-Middletown,91
2017-01-27,Bismarck,71,West County,76
2017-01-27,Mt. Vernon,84,West Plains,77
2017-01-27,Principia,34,Westminster Christian Academy,69
2017-01-27,Lutheran North,61,Whitfield,78
2017-01-27,Green Ridge,54,Windsor,53
2017-01-27,Clever,53,Winnetonka,38
2017-01-27,Newtown-Harris,21,Winston,66
2017-01-28,Drexel,63,Adrian,68
2017-01-28,Risco,65,Advance,59
2017-01-28,Lakeland,62,Appleton City,59
2017-01-28,Diamond,73,Ash Grove,80
2017-01-28,Winnetonka,52,Aurora,57
2017-01-28,Willow Springs,82,Ava,83
2017-01-28,Gainesville,56,Bakersfield,47
2017-01-28,Gateway Science Charter,64,Bayless,22
2017-01-28,Benton,52,Belton,67
2017-01-28,Van-Far,65,Bowling Green,56
2017-01-28,Lathrop,79,Braymer,55
2017-01-28,Keytesville,50,Brunswick,33
2017-01-28,Niangua,48,Buffalo,66
2017-01-28,Eminence,64,Bunker,56
2017-01-28,Hollister,67,Cabool,59
2017-01-28,West Plains,75,Camdenton,52
2017-01-28,Wright City,46,Chamois,59
2017-01-28,Lafayette County,39,Chillicothe,51
2017-01-28,Nevada,66,Clinton,45
2017-01-28,Strafford,62,Conway,37
2017-01-28,Marionville,58,Crane,55
2017-01-28,Leeton,61,Crest Ridge,52
2017-01-28,Grandview (Hillsboro),35,Cuba,48
2017-01-28,Winona,41,Ellington,69
2017-01-28,North Callaway,58,Elsberry,57
2017-01-28,Lebanon,62,Eugene,76
2017-01-28,McCluer North,77,Eureka,80
2017-01-28,Walnut Grove,55,Fair Grove,61
2017-01-28,Sacred Heart,52,Fayette,50
2017-01-28,Walnut Grove,89,Fordland,70
2017-01-28,Fordland,71,Forsyth,56
2017-01-28,Marquette,54,Fox,31
2017-01-28,Northeast Nodaway,51,Gilman City with North Daviess,45
2017-01-28,Jamestown,43,Glasgow,57
2017-01-28,Sheldon,56,Golden City,76
2017-01-28,Clever,72,Harrisonville,44
2017-01-28,Mountain Grove,90,Hartville,74
2017-01-28,Campbell,42,Hayti,67
2017-01-28,Montgomery County,68,Hermann,65
2017-01-28,Prairie Home,84,Higbee,70
2017-01-28,Bolivar,66,Hillcrest,68
2017-01-28,Liberal,58,Jasper,48
2017-01-28,Kirkwood,57,Jefferson City,55
2017-01-28,El Dorado Springs,62,Knob Noster,70
2017-01-28,Northwest (Hughesville),80,La Monte,66
2017-01-28,Savannah,44,Lamar,55
2017-01-28,Southeast,85,Lincoln College Prep,78
2017-01-28,Dadeville,51,Lockwood,84
2017-01-28,Clopton,36,Louisiana,49
2017-01-28,St. Francis Borgia,65,Lutheran South,57
2017-01-28,Senath-Hornersville,38,Malden,75
2017-01-28,South Iron,62,Mansfield,56
2017-01-28,Logan-Rogersville,46,Marshfield,33
2017-01-28,Lawson,41,Maryville,38
2017-01-28,Northwestern (Mendon),62,Meadville,59
2017-01-28,Novinger,45,Milan,63
2017-01-28,Macks Creek,69,Montrose,62
2017-01-28,Branson,54,Mt. Vernon,64
2017-01-28,Salisbury,67,New Bloomfield,40
2017-01-28,Sturgeon,52,New Franklin,56
2017-01-28,Stanberry,48,North Andrew,55
2017-01-28,Hancock,76,North County,67
2017-01-28,West Nodaway with Nodaway-Holt,51,North Nodaway,66
2017-01-28,Canton,52,North Shelby,29
2017-01-28,Owensville,61,Northwest (Cedar Hill),58
2017-01-28,Eldon,40,Osage,70
2017-01-28,Nixa,70,Ozark,51
2017-01-28,Community,67,Paris with Faith Walk,63
2017-01-28,Christian Brothers College,61,Parkview,41
2017-01-28,Princeton,53,Pattonsburg,51
2017-01-28,Seymour,52,Plato,75
2017-01-28,Grain Valley,53,Platte County,60
2017-01-28,Staley,65,Pleasant Hill,51
2017-01-28,South Pemiscot,56,Portageville,47
2017-01-28,Versailles,74,Sherwood,55
2017-01-28,Veritas Christian Academy,50,Smith-Cotton,63
2017-01-28,Westran,53,South Callaway,68
2017-01-28,Stewartsville with Osborn,41,South Holt,55
2017-01-28,Union,43,St. Clair,41
2017-01-28,Warrenton,61,St. James,65
2017-01-28,Laquey,44,Stoutland,53
2017-01-28,Worth County,63,Tarkio with Fairfax,65
2017-01-28,Penney,59,Trenton,54
2017-01-28,Webb City,42,Vianney,57
2017-01-28,Washington,48,Waynesville,31
2017-01-28,Vianney,57,Webb City,42
2017-01-29,Plato,83,Cabool,66
2017-01-30,Scott County Central,57,Advance,107
2017-01-30,Canton,61,Atlanta,18
2017-01-30,McKinley Classical Leadership,60,Barat Academy,49
2017-01-30,Brashear,47,Bevier,63
2017-01-30,Crossroads College Preparatory,18,Bishop DuBourg,47
2017-01-30,Stanberry,49,Braymer,46
2017-01-30,Oakville,38,Clayton,34
2017-01-30,El Dorado Springs,65,Climax Springs,24
2017-01-30,Ellington,70,Couch,36
2017-01-30,St. Paul Lutheran (Farmington),28,Crystal City,46
2017-01-30,Sheldon,35,Dadeville,48
2017-01-30,Eminence,75,Dora,53
2017-01-30,West Platte,27,East (Kansas City),56
2017-01-30,Northland Christian,54,East Buchanan,72
2017-01-30,Bunker,63,East Carter,25
2017-01-30,Everton,35,Fair Play,71
2017-01-30,Prairie Home,56,Fayette,73
2017-01-30,Battle,67,Ft. Zumwalt North,66
2017-01-30,Princeton,58,Gallatin,44
2017-01-30,Maplewood-Richmond Hts.,46,Hazelwood East,58
2017-01-30,Chadwick,49,Hurley,62
2017-01-30,Puxico,85,Kelly,65
2017-01-30,Lone Jack,53,Kingsville,29
2017-01-30,Macon,21,Kirksville,48
2017-01-30,Webster Groves,61,Lafayette (Wildwood),57
2017-01-30,Penney,70,Lathrop,58
2017-01-30,Meadow Heights,81,Leopold,19
2017-01-30,Whitfield,60,Lutheran North,73
2017-01-30,Newburg,49,Macks Creek,43
2017-01-30,Northeast (Cairo),37,Madison,64
2017-01-30,Zalma,76,Marquand-Zion,44
2017-01-30,Plattsburg,43,Maryville,60
2017-01-30,Grundy County with Newtown-Harris,25,Meadville,67
2017-01-30,John F. Kennedy,42,Metro,39
2017-01-30,North Platte,44,Midway,38
2017-01-30,Wentworth Military Academy,31,Missouri School for the Deaf,64
2017-01-30,Stoutland,89,New Covenant Academy,63
2017-01-30,Crocker,70,Niangua,31
2017-01-30,Tarkio with Fairfax,58,Nodaway-Holt,54
2017-01-30,St. Joseph Christian,60,North Andrew,73
2017-01-30,Missouri Military Academy,58,North Callaway,69
2017-01-30,Humansville,61,Northeast Vernon County,22
2017-01-30,Tina-Avalon,43,Northwestern (Mendon),61
2017-01-30,Oak Grove,56,O'Hara,72
2017-01-30,Woodland,66,Oran,77
2017-01-30,Valley Park,60,Principia,66
2017-01-30,Lafayette County,44,Richmond,46
2017-01-30,Marion County,49,Scotland County,84
2017-01-30,St. Pius X (Kansas City),59,Smithville,50
2017-01-30,Mid-Buchanan,85,Southeast,89
2017-01-30,University City,62,St. Charles West,57
2017-01-30,Steelville,66,St. James,86
2017-01-30,Windsor (Imperial),47,St. Vincent,72
2017-01-30,Oak Park,59,Staley,48
2017-01-30,Father Tolton,53,Transportation and Law,74
2017-01-30,Ft. Zumwalt West,60,Troy Buchanan,63
2017-01-30,Naylor,62,Twin Rivers,72
2017-01-30,St. Charles West,57,University City,62
2017-01-30,Montrose,44,Weaubleau,41
2017-01-30,Hardin-Central,36,Wellington-Napoleon,58
2017-01-30,New Heights Christian,38,Wheaton,32
2017-01-30,Osborn,24,Winston,79
2017-01-31,Drexel,44,Archie,52
2017-01-31,Greenwood,73,Ash Grove,44
2017-01-31,Mansfield,64,Bakersfield,31
2017-01-31,Valley Park,77,Bayless,49
2017-01-31,Twin Rivers,50,Bernie,44
2017-01-31,Keytesville,56,Bevier,47
2017-01-31,Maryville,62,Bishop LeBlond,43
2017-01-31,Valle Catholic,70,Bismarck,53
2017-01-31,Warsaw,31,Blair Oaks,64
2017-01-31,Bell City,56,Bloomfield,68
2017-01-31,Fatima,56,Boonville,58
2017-01-31,Silex,23,Bowling Green,45
2017-01-31,Nixa,64,Branson,41
2017-01-31,Meadville,67,Brashear,17
2017-01-31,Albany,26,Braymer,63
2017-01-31,Higbee,52,Brunswick,47
2017-01-31,Van Horn,61,Butler,59
2017-01-31,Ballard,67,Calhoun,45
2017-01-31,Eugene,73,Calvary Lutheran,34
2017-01-31,Benton,73,Cameron,41
2017-01-31,Webb City,56,Carl Junction,53
2017-01-31,Richmond,74,Carrollton,56
2017-01-31,South Pemiscot,50,Caruthersville,75
2017-01-31,Notre Dame (Cape Girardeau),37,Central (Cape Girardeau),44
2017-01-31,Poplar Bluff,80,Central (New Madrid County),60
2017-01-31,Oran,72,Chaffee,22
2017-01-31,New Haven,31,Chamois,54
2017-01-31,Forsyth,53,Clever,78
2017-01-31,Stoutland,62,Climax Springs,43
2017-01-31,Nevada,48,Clinton,40
2017-01-31,Community,39,Clopton,54
2017-01-31,Marion C. Early,40,Conway,65
2017-01-31,Naylor,56,Cooter,77
2017-01-31,Sparta,46,Crane,55
2017-01-31,Vienna,60,Crocker,87
2017-01-31,Hancock,97,Crossroads College Preparatory,40
2017-01-31,Rock Port,71,DeKalb,40
2017-01-31,Clarkton,65,Delta (Deering),66
2017-01-31,Mt. Vernon,59,Diamond,50
2017-01-31,St. Charles,64,Duchesne,65
2017-01-31,Aurora,67,East Newton,50
2017-01-31,Couch,57,Eminence,69
2017-01-31,McCluer,56,Eureka,47
2017-01-31,Grain Valley,67,Excelsior Springs,35
2017-01-31,Southwest (Washburn),79,Exeter,37
2017-01-31,Fredericktown,34,Farmington,82
2017-01-31,Westran,52,Fayette,69
2017-01-31,Oakville,45,Fox,42
2017-01-31,Timberland,62,Francis Howell,81
2017-01-31,Francis Howell Central,66,Francis Howell North,74
2017-01-31,Liberty (Wentzville),45,Ft. Zumwalt East,42
2017-01-31,Washington,42,Ft. Zumwalt North,43
2017-01-31,California,43,Fulton,58
2017-01-31,Milan,55,Gallatin,64
2017-01-31,Grundy County with Newtown-Harris,36,Gilman City with North Daviess,59
2017-01-31,Jefferson (Festus),54,Grandview (Hillsboro),53
2017-01-31,Lincoln,77,Green Ridge,56
2017-01-31,Alton,58,Greenville,70
2017-01-31,Wheatland,69,Halfway,49
2017-01-31,Harrisburg,61,Hallsville,76
2017-01-31,Mexico,55,Hannibal,73
2017-01-31,Malden,53,Hayti,67
2017-01-31,Louisiana,62,Highland,58
2017-01-31,DeSoto,39,Hillsboro,68
2017-01-31,Gideon,66,Holcomb,40
2017-01-31,Ft. Zumwalt South,60,Holt,65
2017-01-31,Cabool,70,Houston,40
2017-01-31,Weaubleau,47,Humansville,46
2017-01-31,Galena,51,Hurley,61
2017-01-31,St. Elizabeth,62,Iberia,74
2017-01-31,Charleston,61,Jackson,66
2017-01-31,Tuscumbia,44,Jamestown,59
2017-01-31,Golden City,43,Jasper,69
2017-01-31,Grandview,53,Kearney,49
2017-01-31,Camdenton,47,Kickapoo,84
2017-01-31,West County,58,Kingston,46
2017-01-31,North Shelby,41,La Plata,36
2017-01-31,Parkway Central,74,Ladue Horton Watkins,43
2017-01-31,Adrian,69,Lakeland,49
2017-01-31,Mid-Buchanan,39,Lawson,46
2017-01-31,Rolla,73,Lebanon,70
2017-01-31,Blue Springs South,51,Lee's Summit,49
2017-01-31,Park Hill,50,Lee's Summit West,52
2017-01-31,Zalma,62,Leopold,48
2017-01-31,Van Buren,67,Lesterville,47
2017-01-31,Knob Noster,52,Lexington,46
2017-01-31,Miller,40,Liberal,45
2017-01-31,Raytown,64,Liberty,58
2017-01-31,St. James,50,Licking,55
2017-01-31,Sarcoxie,44,Lockwood,45
2017-01-31,St. Paul Lutheran (Concordia),60,Lutheran (Kansas City),62
2017-01-31,Westminster Christian Academy,59,Lutheran North,61
2017-01-31,Lindbergh,68,Lutheran South,57
2017-01-31,Bradleyville,78,Lutie,55
2017-01-31,Richland,74,Macks Creek,63
2017-01-31,Linn County,71,Macon County,29
2017-01-31,Novinger,46,Marceline,62
2017-01-31,Stockton,46,Marionville,53
2017-01-31,Meadow Heights,85,Marquand-Zion,47
2017-01-31,Kirkwood,43,Marquette,42
2017-01-31,Moberly,61,Marshall,57
2017-01-31,Princeton,55,Maysville,40
2017-01-31,Ritenour,70,McCluer North,61
2017-01-31,Affton,48,McCluer South-Berkeley,59
2017-01-31,Cassville,62,McDonald County,47
2017-01-31,Rockwood Summit,34,Mehlville,61
2017-01-31,Winston,54,Mercer,39
2017-01-31,Northeast Vernon County,28,Miami (Amoret),51
2017-01-31,Liberal,45,Miller,40
2017-01-31,Roosevelt,33,Miller Career Academy,86
2017-01-31,Bunceton,42,Missouri School for the Deaf,54
2017-01-31,South Shelby,56,Monroe City,63
2017-01-31,Willow Springs,53,Mountain Grove,75
2017-01-31,Doniphan,59,Neelyville,63
2017-01-31,Republic,65,Neosho,45
2017-01-31,Clinton,40,Nevada,48
2017-01-31,Missouri Military Academy,61,New Bloomfield,69
2017-01-31,Belle,55,Newburg,80
2017-01-31,Cainsville with Ridgeway,52,Newtown-Harris,57
2017-01-31,Osborn,27,Nodaway-Holt,63
2017-01-31,Ste. Genevieve,61,North County,66
2017-01-31,Union Star,32,North Harrison,40
2017-01-31,Jefferson (Conception),64,North Nodaway,57
2017-01-31,Mound City,43,North Platte,49
2017-01-31,Stewartsville with Osborn,53,Northeast Nodaway,43
2017-01-31,Norborne,43,Northwestern (Mendon),81
2017-01-31,Fordland,79,Norwood,66
2017-01-31,Harrisonville,63,Oak Grove,64
2017-01-31,Fort Osage,46,Oak Park,70
2017-01-31,Richland (Essex),52,Oak Ridge,79
2017-01-31,Pleasant Hill,49,Odessa,54
2017-01-31,Center,81,O'Hara,51
2017-01-31,Winfield,46,Orchard Farm,72
2017-01-31,Crest Ridge,66,Orrick,44
2017-01-31,Skyline,60,Osage,76
2017-01-31,Hermitage,85,Osceola,39
2017-01-31,Northwest (Hughesville),76,Otterville,86
2017-01-31,Bourbon,42,Owensville,49
2017-01-31,Clark County,45,Palmyra,39
2017-01-31,Marion County,36,Paris with Faith Walk,83
2017-01-31,Joplin,45,Parkview,62
2017-01-31,Ladue Horton Watkins,43,Parkway Central,74
2017-01-31,University City,44,Parkway West,47
2017-01-31,Stanberry,61,Pattonsburg,29
2017-01-31,Parkway North,44,Pattonville,58
2017-01-31,St. Pius X (Festus),53,Perryville,74
2017-01-31,Greenfield,63,Pierce City,44
2017-01-31,Glasgow,76,Pilot Grove,48
2017-01-31,Laquey,50,Plato,82
2017-01-31,Central (Park Hills),69,Potosi,52
2017-01-31,Carnahan,67,Principia,37
2017-01-31,John Burroughs,51,Priory,58
2017-01-31,Trenton,83,Putnam County,73
2017-01-31,Blue Springs,57,Raymore-Peculiar,56
2017-01-31,Belton,58,Raytown South,54
2017-01-31,Fair Grove,59,Reeds Spring,51
2017-01-31,Midway,33,Rich Hill,64
2017-01-31,North Pemiscot,47,Risco,82
2017-01-31,Jefferson City,61,Rock Bridge,75
2017-01-31,Rockhurst,72,Ruskin,60
2017-01-31,Tipton,51,Sacred Heart,67
2017-01-31,Liberty (Mountain View),52,Salem,53
2017-01-31,Lone Jack,43,Santa Fe,50
2017-01-31,Lafayette (St. Joseph),47,Savannah,50
2017-01-31,New Covenant Academy,49,School of the Ozarks,63
2017-01-31,Green City,48,Schuyler County,63
2017-01-31,Salisbury,63,Scotland County,44
2017-01-31,Saxony Lutheran,85,Scott City,63
2017-01-31,Kelly,49,Scott County Central,69
2017-01-31,Lamar,72,Seneca,50
2017-01-31,Gainesville,52,Seymour,51
2017-01-31,Sweet Springs,63,Slater,46
2017-01-31,Vianney,42,SLUH,45
2017-01-31,Warrensburg,64,Smith-Cotton,69
2017-01-31,Windsor,55,Smithton,71
2017-01-31,Chillicothe,69,Smithville,51
2017-01-31,Russellville,43,South Callaway,54
2017-01-31,Polo,46,South Harrison,56
2017-01-31,Clearwater,26,South Iron,43
2017-01-31,South Holt,73,South Nodaway with Jefferson (Conception),55
2017-01-31,Linn,40,Southern Boone,82
2017-01-31,Tri-County,16,Southwest (Livingston County) with Breckenridge,90
2017-01-31,Billings,55,Spokane,32
2017-01-31,Logan-Rogersville,40,Springfield Catholic,50
2017-01-31,Cuba,56,St. Clair,62
2017-01-31,Pacific,48,St. Francis Borgia,53
2017-01-31,Cole Camp,63,Stover,50
2017-01-31,Pleasant Hope,33,Strafford,73
2017-01-31,New Franklin,71,Sturgeon,69
2017-01-31,Hermann,53,Sullivan,60
2017-01-31,University Academy Charter,59,Summit Christian Academy,79
2017-01-31,Soldan International Studies,65,Sumner,46
2017-01-31,Ava,37,Thayer,51
2017-01-31,McAuley Catholic,57,Thomas Jefferson Independent Day,30
2017-01-31,Hale with Bosworth,40,Tina-Avalon,48
2017-01-31,Riverview Gardens,72,Trinity Catholic,82
2017-01-31,Liberty North,62,Truman,41
2017-01-31,Arcadia Valley,70,Valley,61
2017-01-31,Bayless,49,Valley Park,77
2017-01-31,Montgomery County,90,Van-Far,85
2017-01-31,Cardinal Ritter,53,Veritas Christian Academy,38
2017-01-31,Purdy,73,Verona,46
2017-01-31,Dixon,71,Versailles,61
2017-01-31,Dadeville,30,Walnut Grove,89
2017-01-31,St. Charles West,49,Warrenton,55
2017-01-31,Concordia,47,Wellington-Napoleon,80
2017-01-31,Elsberry,47,Wellsville-Middletown,71
2017-01-31,Leeton,68,Wentworth Military Academy,41
2017-01-31,Tarkio with Fairfax,56,West Nodaway with Nodaway-Holt,44
2017-01-31,Glendale,110,West Plains,69
2017-01-31,Carthage,36,Willard,67
2017-01-31,Staley,72,William Chrisman,60
2017-01-31,Orchard Farm,72,Winfield,46
2017-01-31,Platte County,54,Winnetonka,52
2017-01-31,Delta,39,Woodland,78
2017-01-31,King City,45,Worth County,47
2017-01-31,Mark Twain,55,Wright City,47
2017-02-01,Northeast (Cairo),64,Atlanta,27
2017-02-01,Eldon,36,Battle,78
2017-02-01,Madison,35,Canton,63
2017-02-01,De Smet Jesuit,53,Chaminade College Prep,83
2017-02-01,MICDS,66,Clayton,58
2017-02-01,Hermitage,71,Fair Play,80
2017-02-01,Lindbergh,66,Francis Howell North,54
2017-02-01,McKinley Classical Leadership,48,Hancock,49
2017-02-01,Pattonville,69,Hazelwood East,44
2017-02-01,Father Tolton,54,Hickman,57
2017-02-01,Penney,50,Hogan Prep Academy Charter,66
2017-02-01,Smithton,73,Holden,47
2017-02-01,Summit Christian Academy,72,Lee's Summit North,76
2017-02-01,Milan,36,Maysville,46
2017-02-01,Northland Christian,52,North Nodaway,58
2017-02-01,Lift for Life Academy Charter,54,Orchard Farm,63
2017-02-01,Troy Buchanan,50,Parkway Central,62
2017-02-01,Sacred Heart,45,Santa Fe,36
2017-02-01,Holden,47,Smithton,73
2017-02-01,Cristo Rey,46,Southeast,62
2017-02-01,Windsor (Imperial),47,St. Vincent,72
2017-02-01,Gateway Science Charter,65,The Fulton School,32
2017-02-01,South Harrison,46,Trenton,71
2017-02-01,Parkway Central,62,Troy Buchanan,50
2017-02-01,Transportation and Law,67,Vashon,79
2017-02-02,Jennings,61,Affton,56
2017-02-02,Valle Catholic,71,Arcadia Valley,64
2017-02-02,Fulton,64,Boonville,56
2017-02-02,Principia,56,Brentwood,60
2017-02-02,Fayette,64,Brookfield,49
2017-02-02,Macon County,34,Brunswick,56
2017-02-02,Kingston,21,Bunker,61
2017-02-02,Grundy County with Newtown-Harris,51,Cainsville with Ridgeway,69
2017-02-02,Monroe City,44,Clark County,46
2017-02-02,Metro,54,Cleveland NJROTC,52
2017-02-02,Windsor,22,Cole Camp,57
2017-02-02,Maplewood-Richmond Hts.,63,Crossroads College Preparatory,19
2017-02-02,Winona,74,Doniphan,86
2017-02-02,Lutheran (Kansas City),44,Drexel,43
2017-02-02,Cristo Rey,31,East (Kansas City),41
2017-02-02,South Iron,50,East Carter,42
2017-02-02,Viburnum,39,Ellington,80
2017-02-02,California,74,Fatima,67
2017-02-02,Bradleyville,80,Gainesville,71
2017-02-02,Carnahan,72,Gateway,61
2017-02-02,Breckenridge,41,Gilman City with North Daviess,63
2017-02-02,La Plata,59,Green City,56
2017-02-02,Puxico,75,Greenville,68
2017-02-02,Halfway,34,Greenwood,68
2017-02-02,Cainsville with Ridgeway,69,Grundy County with Newtown-Harris,51
2017-02-02,Hale with Bosworth,22,Hardin-Central,54
2017-02-02,Linn,39,Harrisburg,65
2017-02-02,McCluer North,75,Hazelwood West,53
2017-02-02,Bloomfield,60,Holcomb,29
2017-02-02,Affton,56,Jennings,61
2017-02-02,Bunceton,67,La Monte,83
2017-02-02,Steelville,77,Laquey,45
2017-02-02,Concordia,60,Leeton,67
2017-02-02,Marquand-Zion,40,Leopold,75
2017-02-02,Valley,58,Lesterville,37
2017-02-02,Tipton,33,Lincoln,64
2017-02-02,St. Francis Borgia,59,Lutheran North,37
2017-02-02,Wheatland,63,Macks Creek,46
2017-02-02,Bowling Green,59,Mark Twain,51
2017-02-02,Hazelwood East,45,McCluer,70
2017-02-02,Hazelwood West,53,McCluer North,75
2017-02-02,Normandy Collaborative,64,McCluer South-Berkeley,67
2017-02-02,Zalma,47,Meadow Heights,51
2017-02-02,Cleveland NJROTC,52,Metro,54
2017-02-02,Van Buren,53,Neelyville,50
2017-02-02,Jamestown,57,New Franklin,39
2017-02-02,New Covenant Academy,61,Niangua,32
2017-02-02,McCluer South-Berkeley,67,Normandy Collaborative,64
2017-02-02,Gideon,69,North Pemiscot,61
2017-02-02,Centralia,36,Palmyra,57
2017-02-02,North Shelby,43,Schuyler County,39
2017-02-02,Hallsville,46,Southern Boone,54
2017-02-02,Richland (Essex),60,Southland,10
2017-02-02,Newtown-Harris,47,Southwest (Livingston County) with Breckenridge,60
2017-02-02,Ash Grove,48,Springfield Catholic,83
2017-02-02,John F. Kennedy,49,Trinity Catholic,68
2017-02-02,St. Pius X (Kansas City),65,University Academy Charter,48
2017-02-02,Neelyville,50,Van Buren,53
2017-02-02,Golden City,46,Verona,79
2017-02-02,Moberly,58,Warrensburg,66
2017-02-02,Osceola,40,Warsaw,43
2017-02-02,DeKalb,34,West Platte,52
2017-02-02,Thomas Jefferson Independent Day,52,Wheaton,41
2017-02-02,Clearwater,60,Woodland,75
2017-02-03,Dexter,61,Advance,57
2017-02-03,Winona,74,Alton,70
2017-02-03,Adrian,62,Appleton City,49
2017-02-03,Osceola,59,Archie,69
2017-02-03,Miller,44,Ash Grove,72
2017-02-03,Seneca,62,Aurora,81
2017-02-03,Houston,42,Ava,66
2017-02-03,Grandview,46,Belton,44
2017-02-03,Chillicothe,41,Benton,67
2017-02-03,Holcomb,51,Bernie,85
2017-02-03,Savannah,55,Bishop LeBlond,39
2017-02-03,Puxico,56,Bloomfield,53
2017-02-03,Billings,54,Blue Eye,74
2017-02-03,Vienna,93,Bourbon,88
2017-02-03,Neosho,56,Branson,47
2017-02-03,Keytesville,57,Brashear,13
2017-02-03,Hardin-Central,61,Breckenridge,27
2017-02-03,Northeast Vernon County,21,Bronaugh,59
2017-02-03,Tina-Avalon,33,Brunswick,52
2017-02-03,Jamestown,85,Bunceton,37
2017-02-03,Willow Springs,61,Cabool,63
2017-02-03,Gilman City with North Daviess,47,Cainsville with Ridgeway,54
2017-02-03,Chilhowee,80,Calhoun,54
2017-02-03,John F. Kennedy,34,Cardinal Ritter,68
2017-02-03,Willard,51,Carl Junction,32
2017-02-03,Transportation and Law,74,Carnahan,53
2017-02-03,Lexington,85,Carrollton,74
2017-02-03,Hayti,54,Caruthersville,61
2017-02-03,Metro,57,Central (Kansas City),23
2017-02-03,West County,52,Central (Park Hills),72
2017-02-03,Marshfield,66,Central (Springfield),59
2017-02-03,Highland,58,Centralia,49
2017-02-03,Chaminade College Prep,73,Christian Brothers College,82
2017-02-03,Brookfield,42,Clark County,62
2017-02-03,Wellsville-Middletown,59,Community,50
2017-02-03,Brentwood,66,Crossroads College Preparatory,42
2017-02-03,Humansville,54,Dadeville,57
2017-02-03,Kelly,61,Delta,49
2017-02-03,Licking,76,Dixon,63
2017-02-03,Hartville,60,Dora,29
2017-02-03,Rich Hill,48,Drexel,51
2017-02-03,West Platte,31,East Buchanan,59
2017-02-03,Scott City,59,East Prairie,77
2017-02-03,Warsaw,67,Eldon,41
2017-02-03,North Callaway,55,Elsberry,53
2017-02-03,Northwest (Cedar Hill),36,Eureka,68
2017-02-03,Bradleyville,72,Everton,37
2017-02-03,Chadwick,62,Exeter,45
2017-02-03,Jackson,69,Farmington,68
2017-02-03,Staley,63,Fort Osage,48
2017-02-03,Lindbergh,67,Fox,55
2017-02-03,Normandy Collaborative,48,Francis Howell,79
2017-02-03,Timberland,48,Francis Howell North,50
2017-02-03,Ft. Zumwalt East,33,Ft. Zumwalt North,42
2017-02-03,Parkway Central,56,Ft. Zumwalt West,45
2017-02-03,Greenwood,70,Galena,44
2017-02-03,New Covenant Academy,86,Galena,76
2017-02-03,Worth County,78,Gallatin,60
2017-02-03,Oak Grove,48,Grain Valley,57
2017-02-03,Golden City,40,Greenfield,84
2017-02-03,Kirksville,64,Hannibal,51
2017-02-03,Grandview (Hillsboro),37,Herculaneum,45
2017-02-03,Owensville,40,Hermann,55
2017-02-03,Climax Springs,45,Hermitage,85
2017-02-03,Parkview,58,Hillcrest,44
2017-02-03,Windsor (Imperial),33,Hillsboro,86
2017-02-03,Lutie,52,Hurley,77
2017-02-03,Crocker,65,Iberia,78
2017-02-03,Stewartsville with Osborn,48,Jefferson (Conception),62
2017-02-03,Crystal City,60,Jefferson (Festus),53
2017-02-03,Waynesville,46,Joplin,50
2017-02-03,Central (Cape Girardeau),67,Kennett,60
2017-02-03,Lebanon,73,Kickapoo,102
2017-02-03,Lafayette County,69,Knob Noster,49
2017-02-03,Paris with Faith Walk,35,Knox County,71
2017-02-03,Stover,73,La Monte,56
2017-02-03,Northeast (Cairo),55,La Plata,54
2017-02-03,Cameron,41,Lafayette (St. Joseph),93
2017-02-03,Cassville,51,Lamar,56
2017-02-03,Blue Springs,60,Lee's Summit,41
2017-02-03,Blue Springs South,49,Lee's Summit West,54
2017-02-03,Kingsville,43,Leeton,60
2017-02-03,Truman,50,Liberty,75
2017-02-03,Thayer,61,Liberty (Mountain View),58
2017-02-03,Holt,59,Liberty (Wentzville),68
2017-02-03,Central (St. Joseph),51,Liberty North,40
2017-02-03,Rock Bridge,91,Lincoln College Prep,76
2017-02-03,Bevier,49,Linn County,54
2017-02-03,Hollister,45,Logan-Rogersville,63
2017-02-03,Orrick,59,Lone Jack,67
2017-02-03,Macon,48,Louisiana,68
2017-02-03,Northland Christian,50,Lutheran (Kansas City),63
2017-02-03,Trinity Catholic,81,Lutheran St. Charles,80
2017-02-03,Higbee,81,Macon County,43
2017-02-03,Conway,49,Mansfield,56
2017-02-03,Forsyth,59,Marion C. Early,54
2017-02-03,Van-Far,78,Mark Twain,73
2017-02-03,Lafayette (Wildwood),55,Marquette,62
2017-02-03,Smithville,46,Maryville,75
2017-02-03,Braymer,53,Maysville,40
2017-02-03,East Newton,63,McDonald County,55
2017-02-03,Collegiate School of Med-Bio Science with Central Visual and Performing Arts,48,McKinley Classical Leadership,62
2017-02-03,Novinger,40,Meadville,73
2017-02-03,Oakville,74,Mehlville,67
2017-02-03,Marshall,59,Mexico,54
2017-02-03,Priory,57,MICDS,67
2017-02-03,Plattsburg,57,Mid-Buchanan,65
2017-02-03,Lakeland,48,Midway,23
2017-02-03,King City,59,Milan,57
2017-02-03,Calvary Lutheran,61,Missouri Military Academy,73
2017-02-03,Mt. Vernon,68,Monett,34
2017-02-03,Clopton,53,Montgomery County,70
2017-02-03,Hume,17,Montrose,55
2017-02-03,DeKalb,17,Mound City,59
2017-02-03,Eugene,92,New Bloomfield,64
2017-02-03,Union,56,New Haven,47
2017-02-03,Cuba,37,Newburg,52
2017-02-03,Ozark,52,Nixa,73
2017-02-03,West Nodaway with Nodaway-Holt,46,Nodaway-Holt,56
2017-02-03,Mercer,55,North Harrison,18
2017-02-03,Lathrop,45,North Platte,37
2017-02-03,Southeast,56,Northeast (Kansas City),44
2017-02-03,Windsor,53,Northwest (Hughesville),46
2017-02-03,Gainesville,58,Norwood,66
2017-02-03,Father Tolton,53,Notre Dame (Cape Girardeau),65
2017-02-03,Ruskin,65,Oak Park,71
2017-02-03,Chaffee,54,Oak Ridge,41
2017-02-03,Excelsior Springs,36,Odessa,50
2017-02-03,Nevada,65,O'Hara,58
2017-02-03,Bell City,32,Oran,68
2017-02-03,Tipton,65,Otterville,75
2017-02-03,Ladue Horton Watkins,47,Parkway West,55
2017-02-03,Rockwood Summit,59,Pattonville,75
2017-02-03,Lawson,70,Penney,60
2017-02-03,Festus,40,Perryville,57
2017-02-03,Lockwood,61,Pierce City,77
2017-02-03,Harrisonville,41,Pleasant Hill,52
2017-02-03,Albany,35,Polo,53
2017-02-03,Sikeston,102,Poplar Bluff,66
2017-02-03,Pattonsburg,41,Princeton,51
2017-02-03,Southwest (Washburn),56,Purdy,77
2017-02-03,North Andrew,87,Putnam County,67
2017-02-03,Lee's Summit North,68,Raymore-Peculiar,62
2017-02-03,Park Hill South,59,Raytown,61
2017-02-03,Platte County,53,Raytown South,78
2017-02-03,Buffalo,43,Reeds Spring,72
2017-02-03,Plato,68,Richland,50
2017-02-03,Risco,68,Richland (Essex),41
2017-02-03,Holden,44,Richmond,69
2017-02-03,Parkway North,50,Ritenour,78
2017-02-03,Pattonville,75,Rockwood Summit,59
2017-02-03,Tuscumbia,54,Russellville,44
2017-02-03,Mountain Grove,63,Salem,35
2017-02-03,Prairie Home,61,Salisbury,70
2017-02-03,Crest Ridge,46,Santa Fe,53
2017-02-03,Jasper,39,Sarcoxie,46
2017-02-03,Fayette,42,Scotland County,61
2017-02-03,Parkway South,86,Seckman,46
2017-02-03,School of the Ozarks,64,Seymour,55
2017-02-03,Weaubleau,48,Sheldon,50
2017-02-03,Butler,59,Sherwood,49
2017-02-03,Wright City,54,Silex,37
2017-02-03,Kirkwood,45,SLUH,66
2017-02-03,Center,69,Smith-Cotton,45
2017-02-03,Miller Career Academy,79,Soldan International Studies,64
2017-02-03,St. Joseph Christian,42,South Harrison,47
2017-02-03,Rock Port,42,South Holt,51
2017-02-03,Northeast Nodaway,48,South Nodaway with Jefferson (Conception),55
2017-02-03,Palmyra,58,South Shelby,52
2017-02-03,Pleasant Hope,42,Sparta,71
2017-02-03,Clever,65,Spokane,37
2017-02-03,Orchard Farm,45,St. Charles,62
2017-02-03,Duchesne,49,St. Dominic,37
2017-02-03,Chamois,66,St. Elizabeth,57
2017-02-03,Pacific,60,St. James,42
2017-02-03,Wellington-Napoleon,62,St. Paul Lutheran (Concordia),53
2017-02-03,St. Vincent,61,St. Pius X (Festus),72
2017-02-03,Strafford,71,Stockton,53
2017-02-03,Laquey,36,Stoutland,59
2017-02-03,Pilot Grove,47,Sturgeon,69
2017-02-03,St. Clair,26,Sullivan,60
2017-02-03,Bunker,76,Summersville,34
2017-02-03,Concordia,60,Sweet Springs,63
2017-02-03,North Nodaway,58,Tarkio with Fairfax,64
2017-02-03,New Heights Christian,50,Thomas Jefferson Independent Day,49
2017-02-03,Stanberry,49,Trenton,52
2017-02-03,Norborne,69,Tri-County,36
2017-02-03,Francis Howell Central,34,Troy Buchanan,38
2017-02-03,Osborn,48,Union Star,47
2017-02-03,Hancock,90,Valley Park,86
2017-02-03,Couch,35,Van Buren,61
2017-02-03,Summit Christian Academy,63,Van Horn,47
2017-02-03,Bishop DuBourg,22,Veritas Christian Academy,55
2017-02-03,Osage,69,Versailles,59
2017-02-03,Belle,78,Viburnum,60
2017-02-03,Halfway,24,Walnut Grove,78
2017-02-03,Clinton,59,Warrensburg,67
2017-02-03,Ft. Zumwalt South,48,Washington,45
2017-02-03,Republic,65,Webb City,37
2017-02-03,Rolla,78,West Plains,59
2017-02-03,John Burroughs,48,Westminster Christian Academy,57
2017-02-03,Marceline,64,Westran,37
2017-02-03,McAuley Catholic,71,Wheaton,21
2017-02-03,Lift for Life Academy Charter,66,Whitfield,70
2017-02-03,Rockhurst,73,William Chrisman,39
2017-02-03,Warrenton,49,Winfield,34
2017-02-03,Kearney,54,Winnetonka,40
2017-02-04,Parkview,52,Belton,45
2017-02-04,Arcadia Valley,81,Bismarck,68
2017-02-04,Waynesville,31,Bolivar,66
2017-02-04,Hallsville,82,Boonville,71
2017-02-04,Bradleyville,60,Cabool,69
2017-02-04,Grundy County with Newtown-Harris,45,Cainsville with Ridgeway,51
2017-02-04,Climax Springs,22,Calvary Lutheran,73
2017-02-04,Van Buren,29,Campbell,47
2017-02-04,North Shelby,24,Canton,54
2017-02-04,Saxony Lutheran,60,Caruthersville,62
2017-02-04,Neelyville,57,Clearwater,47
2017-02-04,Pembroke Hill,67,Clever,69
2017-02-04,Stover,47,Cole Camp,69
2017-02-04,Mansfield,60,Crane,47
2017-02-04,Battle,48,De Smet Jesuit,72
2017-02-04,East Carter,29,Doniphan,85
2017-02-04,Strafford,57,Ellington,42
2017-02-04,Potosi,83,Fredericktown,48
2017-02-04,Mercer,67,Gilman City with North Daviess,38
2017-02-04,Smithton,70,Green Ridge,77
2017-02-04,Naylor,45,Greenville,56
2017-02-04,California,50,Harrisburg,54
2017-02-04,Vienna,29,Hartville,88
2017-02-04,Maplewood-Richmond Hts.,69,Hayti,59
2017-02-04,Hogan Prep Academy Charter,72,Helias Catholic,70
2017-02-04,Webb City,78,Hillcrest,74
2017-02-04,East (Kansas City),55,Jefferson City,80
2017-02-04,Ste. Genevieve,65,Kingston,28
2017-02-04,Windsor,29,Lincoln,58
2017-02-04,Eminence,63,Lockwood,44
2017-02-04,Lutheran North,53,Lutheran South,54
2017-02-04,New Covenant Academy,85,Lutie,48
2017-02-04,Pierce City,40,Marionville,55
2017-02-04,New Heights Christian,35,McAuley Catholic,66
2017-02-04,Springfield Catholic,55,Mt. Vernon,47
2017-02-04,North Harrison,47,Newtown-Harris,35
2017-02-04,Sacred Heart,80,Otterville,33
2017-02-04,Park Hill South,59,Raytown,61
2017-02-04,Madison,58,Schuyler County,50
2017-02-04,Father Tolton,38,Sikeston,78
2017-02-04,St. Elizabeth,53,South Callaway,58
2017-02-04,Fulton,47,Southern Boone,49
2017-02-04,Herculaneum,52,St. Pius X (Festus),51
2017-02-04,Cuba,64,Steelville,75
2017-02-04,Winston,73,Tri-County,22
2017-02-04,Blair Oaks,74,Union,40
2017-02-04,Valle Catholic,42,Valley,38
2017-02-04,Wheatland,78,Verona,53
2017-02-04,Hillcrest,74,Webb City,79
2017-02-04,Community,47,Westran,34
2017-02-05,Sarcoxie,35,Pierce City,61
2017-02-06,Midway,30,Adrian,59
2017-02-06,Niangua,52,Bradleyville,70
2017-02-06,Norborne,69,Breckenridge,24
2017-02-06,Northeast Vernon County,45,Bronaugh,56
2017-02-06,Keytesville,40,Brunswick,42
2017-02-06,New Bloomfield,82,Bunceton,29
2017-02-06,Couch,37,Bunker,65
2017-02-06,Penney,71,Cameron,49
2017-02-06,Lincoln College Prep,65,Central (Kansas City),28
2017-02-06,Everton,66,Chadwick,42
2017-02-06,North Pemiscot,70,Clarkton,88
2017-02-06,Normandy Collaborative,51,Collegiate School of Med-Bio Science with Central Visual and Performing Arts,38
2017-02-06,Holcomb,74,Cooter,82
2017-02-06,Lone Jack,36,Crest Ridge,31
2017-02-06,Gideon,61,Delta (Deering),56
2017-02-06,Koshkonong,45,Dora,56
2017-02-06,Arcadia Valley,30,Farmington,78
2017-02-06,Miller Career Academy,71,Gateway,60
2017-02-06,Newtown-Harris,45,Gilman City with North Daviess,74
2017-02-06,Tri-County,48,Grundy County with Newtown-Harris,74
2017-02-06,Norwood,49,Halfway,39
2017-02-06,Southwest (Livingston County) with Breckenridge,51,Hardin-Central,61
2017-02-06,Riverview Gardens,30,Hazelwood Central,96
2017-02-06,Sheldon,49,Hume,29
2017-02-06,Exeter,20,Hurley,56
2017-02-06,Northwest (Hughesville),73,La Monte,65
2017-02-06,Hogan Prep Academy Charter,83,Lafayette County,53
2017-02-06,Soldan International Studies,69,Lift for Life Academy Charter,41
2017-02-06,Soldan International Studies,69,Lift for Life Academy Charter,41
2017-02-06,Slater,70,Madison,65
2017-02-06,La Plata,36,Meadville,42
2017-02-06,Chamois,52,Missouri School for the Deaf,21
2017-02-06,Pilot Grove,43,New Franklin,50
2017-02-06,Sturgeon,68,Northeast (Cairo),39
2017-02-06,Rock Port,48,Northeast Nodaway,37
2017-02-06,Wellington-Napoleon,64,Northland Christian,37
2017-02-06,Kennett,53,Notre Dame (Cape Girardeau),54
2017-02-06,Weaubleau,39,Osceola,50
2017-02-06,Dexter,65,Perryville,32
2017-02-06,West County,48,Potosi,59
2017-02-06,Bayless,38,Principia,42
2017-02-06,Richland (Essex),62,Puxico,72
2017-02-06,Southland,8,Risco,86
2017-02-06,Lutie,62,School of the Ozarks,60
2017-02-06,Oak Ridge,77,Scott City,85
2017-02-06,East (Kansas City),56,Southeast,62
2017-02-06,Windsor (Imperial),71,St. Pius X (Festus),75
2017-02-06,Glasgow,48,Sweet Springs,39
2017-02-06,Brentwood,73,Valley Park,69
2017-02-06,Wellsville-Middletown,80,Van-Far,83
2017-02-06,Roosevelt,27,Vashon,74
2017-02-06,St. Paul Lutheran (Concordia),64,Versailles,60
2017-02-07,Woodland,48,Advance,79
2017-02-07,Lutheran (Kansas City),65,Archie,59
2017-02-07,Fayette,82,Atlanta,23
2017-02-07,Cassville,55,Aurora,75
2017-02-07,Salem,77,Ava,56
2017-02-07,Alton,68,Bakersfield,73
2017-02-07,Miami (Amoret),47,Ballard,41
2017-02-07,Jefferson (Festus),60,Barat Academy,63
2017-02-07,Crossroads College Preparatory,30,Bayless,37
2017-02-07,Dexter,74,Bell City,45
2017-02-07,Steelville,76,Belle,64
2017-02-07,Platte County,49,Belton,59
2017-02-07,Oran,71,Bloomfield,55
2017-02-07,Lee's Summit West,62,Blue Springs,67
2017-02-07,Springfield Catholic,50,Bolivar,68
2017-02-07,Hannibal,65,Boonville,92
2017-02-07,Fatima,56,Boonville,58
2017-02-07,Elsberry,47,Bowling Green,72
2017-02-07,Hancock,58,Brentwood,55
2017-02-07,South Shelby,63,Brookfield,51
2017-02-07,Lesterville,41,Bunker,66
2017-02-07,Thayer,63,Cabool,40
2017-02-07,Prairie Home,49,Calvary Lutheran,68
2017-02-07,Waynesville,61,Camdenton,55
2017-02-07,Maryville,74,Cameron,29
2017-02-07,Louisiana,57,Canton,75
2017-02-07,Neosho,55,Carthage,50
2017-02-07,Caruthersville,65,Central (New Madrid County),62
2017-02-07,Valle Catholic,33,Central (Park Hills),85
2017-02-07,Liberty,56,Central (St. Joseph),61
2017-02-07,Zalma,54,Chaffee,61
2017-02-07,Malden,48,Charleston,59
2017-02-07,Leeton,51,Chilhowee,53
2017-02-07,Gideon,54,Clarkton,68
2017-02-07,New Covenant Academy,1,Climax Springs,0
2017-02-07,Risco,76,Cooter,38
2017-02-07,Spokane,41,Crane,88
2017-02-07,University Academy Charter,54,Cristo Rey,48
2017-02-07,Richland,53,Crocker,58
2017-02-07,Saxony Lutheran,64,Crystal City,28
2017-02-07,Vienna,67,Cuba,57
2017-02-07,Jefferson (Conception),56,DeKalb,17
2017-02-07,Affton,64,DeSoto,60
2017-02-07,Neelyville,75,Doniphan,89
2017-02-07,Appleton City,59,Drexel,50
2017-02-07,Priory,50,Duchesne,56
2017-02-07,Penney,63,East Buchanan,55
2017-02-07,Campbell,51,East Prairie,56
2017-02-07,Butler,70,El Dorado Springs,59
2017-02-07,Blair Oaks,74,Eldon,41
2017-02-07,Fatima,80,Eugene,90
2017-02-07,Lafayette (Wildwood),78,Eureka,74
2017-02-07,Battle,67,Father Tolton,77
2017-02-07,Ruskin,79,Fort Osage,67
2017-02-07,Troy Buchanan,45,Francis Howell,57
2017-02-07,Ft. Zumwalt West,68,Francis Howell North,51
2017-02-07,Fordland,65,Gainesville,46
2017-02-07,Forsyth,66,Galena,81
2017-02-07,King City,34,Gallatin,49
2017-02-07,Kickapoo,96,Glendale,77
2017-02-07,Diamond,71,Golden City,65
2017-02-07,Winnetonka,35,Grandview,65
2017-02-07,Principia,56,Grandview (Hillsboro),31
2017-02-07,Linn County,64,Green City,37
2017-02-07,Everton,35,Greenwood,71
2017-02-07,Tina-Avalon,35,Hale with Bosworth,31
2017-02-07,Versailles,58,Hallsville,72
2017-02-07,Brentwood,55,Hancock,58
2017-02-07,Odessa,52,Harrisonville,43
2017-02-07,Conway,51,Hartville,66
2017-02-07,Bernie,71,Hayti,70
2017-02-07,Riverview Gardens,30,Hazelwood Central,98
2017-02-07,Pacific,61,Hermann,56
2017-02-07,Macks Creek,72,Hermitage,91
2017-02-07,Clark County,32,Highland,41
2017-02-07,Joplin,52,Hillcrest,75
2017-02-07,Carrollton,62,Holden,55
2017-02-07,Ft. Zumwalt North,44,Holt,57
2017-02-07,Central (Cape Girardeau),60,Jackson,41
2017-02-07,Hickman,77,Jefferson City,79
2017-02-07,Raytown South,58,Kearney,71
2017-02-07,Senath-Hornersville,24,Kennett,69
2017-02-07,Calhoun,40,Kingsville,53
2017-02-07,Benton,52,Lafayette (St. Joseph),75
2017-02-07,Lexington,53,Lafayette County,73
2017-02-07,Dixon,68,Laquey,51
2017-02-07,Plattsburg,63,Lathrop,67
2017-02-07,North Platte,39,Lawson,64
2017-02-07,Puxico,87,Leopold,70
2017-02-07,Jasper,37,Liberal,36
2017-02-07,Park Hill South,59,Liberty North,36
2017-02-07,Reeds Spring,36,Logan-Rogersville,52
2017-02-07,John Burroughs,48,Lutheran South,53
2017-02-07,Bevier,54,Madison,49
2017-02-07,Chaminade College Prep,75,Maplewood-Richmond Hts.,33
2017-02-07,Salisbury,68,Marceline,46
2017-02-07,Fair Play,56,Marion C. Early,57
2017-02-07,Montgomery County,88,Mark Twain,63
2017-02-07,Parkway South,67,Marquette,42
2017-02-07,Fulton,70,Marshall,58
2017-02-07,Buffalo,47,Marshfield,52
2017-02-07,Pattonville,68,McCluer,76
2017-02-07,Oak Ridge,59,Meadow Heights,68
2017-02-07,Lutheran North,49,MICDS,64
2017-02-07,Lockwood,58,Miller,30
2017-02-07,South Callaway,58,Missouri Military Academy,62
2017-02-07,Kirksville,45,Moberly,38
2017-02-07,Liberty (Mountain View),57,Mountain Grove,83
2017-02-07,Slater,33,New Franklin,51
2017-02-07,Greenfield,73,New Heights Christian,54
2017-02-07,Carl Junction,35,Nixa,59
2017-02-07,Northwestern (Mendon),69,Norborne,39
2017-02-07,Ste. Genevieve,44,North County,50
2017-02-07,Staley,63,North Kansas City,66
2017-02-07,Macon County,42,North Shelby,65
2017-02-07,Glasgow,56,Northeast (Cairo),25
2017-02-07,Rock Bridge,73,Northeast (Kansas City),41
2017-02-07,Union Star,37,Northeast Nodaway,69
2017-02-07,Fox,53,Northwest (Cedar Hill),38
2017-02-07,Excelsior Springs,49,Oak Grove,64
2017-02-07,William Chrisman,35,Oak Park,65
2017-02-07,Warrensburg,75,O'Hara,54
2017-02-07,Veritas Christian Academy,53,Orchard Farm,48
2017-02-07,Southern Boone,69,Osage,56
2017-02-07,South Holt,60,Osborn,19
2017-02-07,Lakeland,58,Osceola,67
2017-02-07,St. James,71,Owensville,38
2017-02-07,Monroe City,61,Palmyra,55
2017-02-07,Westran,53,Paris with Faith Walk,74
2017-02-07,Lee's Summit North,60,Park Hill,75
2017-02-07,Rolla,43,Parkview,73
2017-02-07,Kirkwood,41,Parkway Central,59
2017-02-07,Parkway West,63,Parkway North,33
2017-02-07,Maysville,40,Pattonsburg,43
2017-02-07,Sarcoxie,35,Pierce City,61
2017-02-07,Grain Valley,69,Pleasant Hill,57
2017-02-07,Fair Grove,91,Pleasant Hope,43
2017-02-07,Kelly,54,Portageville,74
2017-02-07,Albany,33,Princeton,69
2017-02-07,Brashear,21,Putnam County,77
2017-02-07,Lee's Summit,48,Raymore-Peculiar,57
2017-02-07,Truman,31,Raytown,76
2017-02-07,Branson,30,Republic,55
2017-02-07,Delta,55,Richland (Essex),66
2017-02-07,Knob Noster,57,Richmond,38
2017-02-07,Blue Springs South,52,Rockhurst,57
2017-02-07,Linn,82,Russellville,55
2017-02-07,Smithville,34,Savannah,45
2017-02-07,Harrisburg,91,Schuyler County,58
2017-02-07,Knox County,83,Scotland County,62
2017-02-07,Oakville,50,Seckman,36
2017-02-07,East Newton,61,Seneca,72
2017-02-07,Mansfield,56,Seymour,54
2017-02-07,Community,45,Silex,53
2017-02-07,Clinton,51,Smith-Cotton,73
2017-02-07,Eminence,41,South Iron,43
2017-02-07,McAuley Catholic,62,Southwest (Washburn),60
2017-02-07,Blue Eye,61,Sparta,40
2017-02-07,Lutheran St. Charles,42,St. Charles West,53
2017-02-07,New Haven,45,St. Clair,55
2017-02-07,Clayton,54,St. Dominic,43
2017-02-07,Tuscumbia,66,St. Elizabeth,71
2017-02-07,Maplewood-Richmond Hts.,61,St. Mary's South Side,72
2017-02-07,Jamestown,66,St. Paul Lutheran (Concordia),54
2017-02-07,Viburnum,51,St. Paul Lutheran (Farmington),46
2017-02-07,Herculaneum,39,St. Vincent,62
2017-02-07,South Harrison,46,Stanberry,67
2017-02-07,Mound City,64,Stewartsville with Osborn,44
2017-02-07,Ash Grove,80,Stockton,79
2017-02-07,Plato,62,Stoutland,61
2017-02-07,Union,40,Sullivan,58
2017-02-07,Couch,58,Summersville,51
2017-02-07,Pembroke Hill,79,Summit Christian Academy,81
2017-02-07,Orrick,34,Sweet Springs,55
2017-02-07,Exeter,24,Thomas Jefferson Independent Day,68
2017-02-07,Sumner,27,Transportation and Law,84
2017-02-07,North Technical,86,Trinity Catholic,67
2017-02-07,Greenville,58,Twin Rivers,85
2017-02-07,Winona,58,Van Buren,39
2017-02-07,California,72,Warsaw,44
2017-02-07,Ft. Zumwalt East,27,Washington,30
2017-02-07,Monett,31,Webb City,68
2017-02-07,Santa Fe,22,Wellington-Napoleon,50
2017-02-07,Concordia,72,Wentworth Military Academy,49
2017-02-07,St. Joseph Christian,61,West Nodaway with Nodaway-Holt,28
2017-02-07,Lebanon,71,West Plains,49
2017-02-07,Mid-Buchanan,90,West Platte,25
2017-02-07,St. Francis Borgia,68,Westminster Christian Academy,46
2017-02-07,Verona,61,Wheaton,31
2017-02-07,University City,76,Whitfield,87
2017-02-07,Ozark,60,Willard,47
2017-02-07,Houston,48,Willow Springs,61
2017-02-07,St. Charles,70,Winfield,30
2017-02-07,North Nodaway,37,Worth County,58
2017-02-07,North Callaway,70,Wright City,57
2017-02-08,Hancock,64,Bishop DuBourg,44
2017-02-08,Higbee,73,Brashear,47
2017-02-08,Westran,34,Brookfield,56
2017-02-08,Winston,78,Cainsville with Ridgeway,46
2017-02-08,McKinley Classical Leadership,50,Carnahan,65
2017-02-08,East (Kansas City),49,Central (Kansas City),58
2017-02-08,Gateway,71,Cleveland NJROTC,63
2017-02-08,Midway,33,Crest Ridge,52
2017-02-08,Hillsboro,62,Festus,21
2017-02-08,Bismarck,67,Fredericktown,64
2017-02-08,Southwest (Livingston County) with Breckenridge,67,Hale with Bosworth,51
2017-02-08,Northeast Vernon County,45,Hume,46
2017-02-08,Bayless,25,Jefferson (Festus),58
2017-02-08,Normandy Collaborative,41,Jennings,51
2017-02-08,Norborne,32,Keytesville,45
2017-02-08,Valley,60,Kingston,41
2017-02-08,SLUH,61,Ladue Horton Watkins,38
2017-02-08,Principia,53,Lutheran St. Charles,69
2017-02-08,La Plata,52,Marceline,55
2017-02-08,Lift for Life Academy Charter,55,McCluer South-Berkeley,73
2017-02-08,Carnahan,65,McKinley Classical Leadership,50
2017-02-08,North Harrison,31,Mercer,63
2017-02-08,Miami (Amoret),23,Montrose,60
2017-02-08,Tri-County,51,Newtown-Harris,62
2017-02-08,Salisbury,51,North Shelby,28
2017-02-08,Southeast,69,Northeast (Kansas City),66
2017-02-08,Rockwood Summit,60,Northwest (Cedar Hill),46
2017-02-08,Webb City,47,Ozark,62
2017-02-08,Paris with Faith Walk,64,Schuyler County,71
2017-02-08,Charleston,73,Scott County Central,43
2017-02-08,Northeast (Kansas City),66,Southeast,69
2017-02-08,Union,48,St. James,77
2017-02-08,Crossroads College Preparatory,36,Valley Park,92
2017-02-08,Clopton,49,Warrenton,47
2017-02-08,Montgomery County,101,Wellsville-Middletown,96
2017-02-08,Eminence,80,Winona,58
2017-02-09,Lone Jack,45,Adrian,47
2017-02-09,Leeton,59,Appleton City,53
2017-02-09,West County,70,Arcadia Valley,48
2017-02-09,Bevier,58,Atlanta,41
2017-02-09,Van-Far,70,Bowling Green,55
2017-02-09,Cleveland NJROTC,33,Brentwood,64
2017-02-09,Sheldon,39,Bronaugh,41
2017-02-09,Northwestern (Mendon),74,Brunswick,69
2017-02-09,Clearwater,20,Bunker,56
2017-02-09,Wentworth Military Academy,33,Calhoun,66
2017-02-09,Risco,70,Clarkton,43
2017-02-09,St. Pius X (Kansas City),67,Clinton,60
2017-02-09,Mark Twain,29,Clopton,41
2017-02-09,Lincoln,68,Cole Camp,63
2017-02-09,Strafford,72,Conway,62
2017-02-09,Barat Academy,57,Crossroads College Preparatory,44
2017-02-09,Gainesville,58,Dora,60
2017-02-09,Lesterville,31,Ellington,69
2017-02-09,Harrisonville,50,Excelsior Springs,61
2017-02-09,California,74,Fatima,67
2017-02-09,McKinley Classical Leadership,61,Gateway,69
2017-02-09,Grundy County with Newtown-Harris,45,Gilman City with North Daviess,77
2017-02-09,Sacred Heart,68,Green Ridge,33
2017-02-09,Neelyville,63,Greenville,54
2017-02-09,Pleasant Hope,36,Greenwood,68
2017-02-09,Tina-Avalon,33,Hardin-Central,51
2017-02-09,Hazelwood Central,87,Hazelwood West,62
2017-02-09,Seckman,43,Hillsboro,79
2017-02-09,Mexico,30,Kirksville,54
2017-02-09,Fayette,55,Knox County,59
2017-02-09,Niangua,30,Laquey,56
2017-02-09,Richmond,55,Lawson,60
2017-02-09,Chaminade College Prep,87,Lee's Summit,58
2017-02-09,Stoutland,59,Licking,81
2017-02-09,Milan,53,Linn County,48
2017-02-09,Highland,62,Macon,40
2017-02-09,Buffalo,67,Marion C. Early,74
2017-02-09,Novinger,52,Marion County,58
2017-02-09,McCluer North,52,McCluer,59
2017-02-09,Gateway,69,McKinley Classical Leadership,61
2017-02-09,Seneca,47,Monett,55
2017-02-09,Confluence Prep Academy Charter,92,Normandy Collaborative,74
2017-02-09,Union Star,50,North Nodaway,81
2017-02-09,Mehlville,42,Northwest (Cedar Hill),39
2017-02-09,Wheatland,64,Norwood,49
2017-02-09,Affton,46,Oakville,48
2017-02-09,Smithton,80,Otterville,57
2017-02-09,Webster Groves,70,Parkway West,36
2017-02-09,North Andrew,77,Plattsburg,55
2017-02-09,Higbee,75,Putnam County,103
2017-02-09,Richland (Essex),62,Puxico,72
2017-02-09,Hazelwood East,74,Riverview Gardens,51
2017-02-09,Soldan International Studies,54,Roosevelt,51
2017-02-09,Lutheran (Kansas City),62,Sherwood,66
2017-02-09,Fulton,52,Southern Boone,47
2017-02-09,DeSoto,62,St. Clair,52
2017-02-09,Linn,70,St. Elizabeth,72
2017-02-09,Polo,30,St. Joseph Christian,45
2017-02-09,Valle Catholic,65,Ste. Genevieve,66
2017-02-09,Windsor,55,Stover,49
2017-02-09,Miller Career Academy,85,Sumner,40
2017-02-09,Timberland,53,Troy Buchanan,44
2017-02-09,New Bloomfield,44,Tuscumbia,42
2017-02-09,Hartville,70,Walnut Grove,63
2017-02-09,Thomas Jefferson Independent Day,47,Wheaton,45
2017-02-09,Louisiana,77,Winfield,55
2017-02-09,Couch,60,Winona,88
2017-02-09,Oak Ridge,69,Zalma,72
2017-02-10,Leopold,42,Advance,95
2017-02-10,Gallatin,55,Albany,38
2017-02-10,Van Buren,58,Alton,51
2017-02-10,Lakeland,53,Appleton City,62
2017-02-10,Crest Ridge,54,Archie,39
2017-02-10,Cabool,63,Ava,47
2017-02-10,Hume,18,Ballard,55
2017-02-10,Central (Kansas City),42,Barstow,78
2017-02-10,Jefferson City,64,Battle,72
2017-02-10,Brentwood,74,Bayless,25
2017-02-10,Malden,61,Bernie,50
2017-02-10,Niangua,46,Billings,82
2017-02-10,John F. Kennedy,51,Bishop DuBourg,31
2017-02-10,Lafayette (St. Joseph),81,Bishop LeBlond,49
2017-02-10,Versailles,36,Blair Oaks,76
2017-02-10,Crane,53,Blue Eye,47
2017-02-10,Park Hill,81,Blue Springs,73
2017-02-10,Central (Springfield),58,Bolivar,64
2017-02-10,Marshall,72,Boonville,87
2017-02-10,Wellsville-Middletown,67,Bowling Green,72
2017-02-10,Webb City,76,Branson,62
2017-02-10,Novinger,62,Brashear,24
2017-02-10,Princeton,63,Braymer,72
2017-02-10,Macon,53,Brookfield,60
2017-02-10,Springfield Catholic,59,Buffalo,24
2017-02-10,Marquand-Zion,37,Bunker,92
2017-02-10,North Harrison,63,Cainsville with Ridgeway,33
2017-02-10,Eldon,59,California,70
2017-02-10,Trinity Catholic,53,Cardinal Ritter,57
2017-02-10,Lafayette County,56,Carrollton,45
2017-02-10,Nixa,70,Carthage,31
2017-02-10,East Newton,65,Cassville,60
2017-02-10,Jackson,71,Central (New Madrid County),66
2017-02-10,Linn,30,Chamois,56
2017-02-10,Portageville,43,Charleston,74
2017-02-10,Wentworth Military Academy,21,Chilhowee,70
2017-02-10,Savannah,31,Chillicothe,52
2017-02-10,South Shelby,45,Clark County,56
2017-02-10,Parkway Central,53,Clayton,42
2017-02-10,Carnahan,65,Cleveland NJROTC,50
2017-02-10,Ash Grove,44,Clever,62
2017-02-10,Humansville,62,Climax Springs,51
2017-02-10,Montgomery County,79,Community,48
2017-02-10,Santa Fe,74,Concordia,68
2017-02-10,Seneca,53,Conway,52
2017-02-10,Bakersfield,77,Couch,76
2017-02-10,St. Elizabeth,73,Crocker,78
2017-02-10,Belle,66,Cuba,68
2017-02-10,South Nodaway with Jefferson (Conception),57,DeKalb,28
2017-02-10,Kennett,43,Dexter,40
2017-02-10,Liberal,56,Diamond,68
2017-02-10,Twin Rivers,53,Doniphan,81
2017-02-10,St. Mary's South Side,56,Duchesne,54
2017-02-10,Lathrop,64,East Buchanan,53
2017-02-10,Eminence,72,Ellington,66
2017-02-10,Marionville,48,Fair Grove,73
2017-02-10,Macks Creek,24,Fair Play,46
2017-02-10,Potosi,48,Farmington,66
2017-02-10,Russellville,50,Fatima,87
2017-02-10,Marceline,55,Fayette,56
2017-02-10,Barat Academy,33,Festus,67
2017-02-10,Stoutland,64,Fordland,60
2017-02-10,Ft. Zumwalt West,64,Francis Howell Central,33
2017-02-10,Francis Howell,77,Francis Howell North,36
2017-02-10,Ft. Zumwalt North,48,Ft. Zumwalt South,60
2017-02-10,Mansfield,57,Gainesville,32
2017-02-10,Spokane,54,Galena,55
2017-02-10,New Franklin,44,Glasgow,74
2017-02-10,Lockwood,72,Golden City,35
2017-02-10,Odessa,47,Grain Valley,51
2017-02-10,La Plata,60,Green City,46
2017-02-10,Sarcoxie,32,Greenfield,18
2017-02-10,Sarcoxie,32,Greenfield,64
2017-02-10,Southern Boone,67,Hallsville,65
2017-02-10,Lift for Life Academy Charter,90,Hancock,86
2017-02-10,Moberly,73,Hannibal,53
2017-02-10,Marion C. Early,23,Hartville,71
2017-02-10,Scott City,53,Hayti,82
2017-02-10,Hickman,49,Helias Catholic,72
2017-02-10,Crystal City,57,Herculaneum,49
2017-02-10,Knob Noster,66,Holden,47
2017-02-10,Marshfield,38,Hollister,31
2017-02-10,Ft. Zumwalt East,33,Holt,41
2017-02-10,Everton,51,Hurley,69
2017-02-10,Laquey,35,Iberia,74
2017-02-10,Calvary Lutheran,53,Jamestown,70
2017-02-10,Nodaway-Holt,58,Jefferson (Conception),69
2017-02-10,Kickapoo,84,Joplin,39
2017-02-10,Belton,45,Kearney,67
2017-02-10,East Prairie,68,Kelly,64
2017-02-10,Southwest (Livingston County) with Breckenridge,47,Keytesville,59
2017-02-10,North Shelby,36,Knox County,58
2017-02-10,University City,66,Ladue Horton Watkins,74
2017-02-10,Fox,32,Lafayette (Wildwood),54
2017-02-10,Hillcrest,72,Lebanon,60
2017-02-10,Lee's Summit,76,Lee's Summit North,80
2017-02-10,South Iron,67,Lesterville,39
2017-02-10,Richmond,66,Lexington,60
2017-02-10,Liberty North,72,Liberty,63
2017-02-10,Willow Springs,52,Liberty (Mountain View),72
2017-02-10,Richland,49,Licking,78
2017-02-10,University Academy Charter,47,Lincoln College Prep,62
2017-02-10,Oakville,38,Lindbergh,124
2017-02-10,Palmyra,42,Louisiana,60
2017-02-10,Principia,47,Lutheran North,62
2017-02-10,Priory,63,Lutheran South,74
2017-02-10,Veritas Christian Academy,53,Lutheran St. Charles,60
2017-02-10,Dora,47,Lutie,46
2017-02-10,Elsberry,47,Mark Twain,40
2017-02-10,Benton,66,Maryville,61
2017-02-10,King City,44,Maysville,47
2017-02-10,Purdy,73,McAuley Catholic,91
2017-02-10,Whitfield,71,McCluer South-Berkeley,85
2017-02-10,Macon County,41,Meadville,64
2017-02-10,Winston,80,Mercer,34
2017-02-10,Highland,60,Mexico,61
2017-02-10,John Burroughs,43,MICDS,51
2017-02-10,Penney,54,Mid-Buchanan,51
2017-02-10,New Heights Christian,51,Miller,45
2017-02-10,Christian Brothers College,56,Miller Career Academy,54
2017-02-10,Aurora,46,Monett,30
2017-02-10,Centralia,35,Monroe City,72
2017-02-10,Tarkio with Fairfax,60,Mound City,48
2017-02-10,Thayer,59,Mountain Grove,72
2017-02-10,Lamar,59,Mt. Vernon,57
2017-02-10,Warrensburg,50,Nevada,70
2017-02-10,Owensville,46,New Haven,48
2017-02-10,Central (Park Hills),60,North County,28
2017-02-10,Oak Park,45,North Kansas City,48
2017-02-10,South Holt,64,North Nodaway,63
2017-02-10,Plattsburg,62,North Platte,34
2017-02-10,Mehlville,42,Northwest (Cedar Hill),39
2017-02-10,Pleasant Hill,55,Oak Grove,59
2017-02-10,Warrenton,68,Orchard Farm,62
2017-02-10,Wellington-Napoleon,51,Orrick,19
2017-02-10,Northeast Nodaway,55,Osborn,19
2017-02-10,Carl Junction,56,Ozark,62
2017-02-10,St. Clair,24,Pacific,67
2017-02-10,Glendale,92,Parkview,84
2017-02-10,Kirkwood,70,Parkway North,36
2017-02-10,Eureka,47,Parkway South,61
2017-02-10,Eureka,47,Parkway South,61
2017-02-10,Ritenour,68,Pattonville,91
2017-02-10,Hogan Prep Academy Charter,74,Pembroke Hill,59
2017-02-10,Jasper,48,Pierce City,64
2017-02-10,Northeast (Cairo),52,Pilot Grove,75
2017-02-10,Summersville,23,Plato,77
2017-02-10,Grandview,77,Platte County,59
2017-02-10,Stockton,72,Pleasant Hope,68
2017-02-10,Notre Dame (Cape Girardeau),64,Poplar Bluff,46
2017-02-10,Sturgeon,56,Prairie Home,78
2017-02-10,Blue Springs South,34,Raymore-Peculiar,28
2017-02-10,Central (St. Joseph),71,Raytown,75
2017-02-10,Forsyth,46,Reeds Spring,66
2017-02-10,Osceola,70,Rich Hill,64
2017-02-10,East (Kansas City),15,Rock Bridge,71
2017-02-10,Union Star,28,Rock Port,61
2017-02-10,Camdenton,60,Rolla,74
2017-02-10,Houston,50,Salem,73
2017-02-10,Schuyler County,37,Salisbury,70
2017-02-10,Meadow Heights,41,Saxony Lutheran,74
2017-02-10,Sparta,65,School of the Ozarks,61
2017-02-10,Paris with Faith Walk,58,Scotland County,64
2017-02-10,Oran,54,Scott County Central,60
2017-02-10,Marquette,69,Seckman,37
2017-02-10,Southland,25,Senath-Hornersville,93
2017-02-10,Central (Cape Girardeau),76,Sikeston,82
2017-02-10,North Callaway,46,Silex,26
2017-02-10,Madison,67,Slater,71
2017-02-10,O'Hara,62,Smith-Cotton,78
2017-02-10,Cameron,43,Smithville,57
2017-02-10,St. Pius X (Kansas City),56,Southeast,53
2017-02-10,Wheaton,38,Southwest (Washburn),65
2017-02-10,St. Charles West,47,St. Charles,56
2017-02-10,St. Dominic,43,St. Francis Borgia,54
2017-02-10,Sullivan,71,St. James,49
2017-02-10,Sweet Springs,41,St. Paul Lutheran (Concordia),61
2017-02-10,Jefferson (Festus),29,St. Pius X (Festus),55
2017-02-10,Grandview (Hillsboro),38,St. Vincent,57
2017-02-10,Ruskin,49,Staley,50
2017-02-10,West Nodaway with Nodaway-Holt,37,Stewartsville with Osborn,58
2017-02-10,Skyline,48,Strafford,73
2017-02-10,Chadwick,49,Thomas Jefferson Independent Day,61
2017-02-10,Stanberry,63,Trenton,51
2017-02-10,Cardinal Ritter,57,Trinity Catholic,53
2017-02-10,Eugene,68,Tuscumbia,46
2017-02-10,Hermann,43,Union,48
2017-02-10,Northeast (Kansas City),58,Van Horn,55
2017-02-10,Missouri Military Academy,75,Van-Far,71
2017-02-10,SLUH,43,Vashon,56
2017-02-10,Exeter,30,Verona,71
2017-02-10,Chaminade College Prep,79,Vianney,57
2017-02-10,El Dorado Springs,38,Walnut Grove,71
2017-02-10,Osage,70,Warsaw,44
2017-02-10,Liberty (Wentzville),56,Washington,54
2017-02-10,West Plains,60,Waynesville,66
2017-02-10,Dadeville,40,Weaubleau,64
2017-02-10,Branson,62,Webb City,76
2017-02-10,Rockwood Summit,24,Webster Groves,82
2017-02-10,Lawson,58,West Platte,31
2017-02-10,Harrisburg,86,Westran,34
2017-02-10,Neosho,51,Willard,59
2017-02-10,Fort Osage,55,William Chrisman,52
2017-02-10,Perryville,62,Windsor (Imperial),56
2017-02-10,Raytown South,76,Winnetonka,53
2017-02-10,Clopton,58,Wright City,44
2017-02-10,Woodland,54,Zalma,72
2017-02-11,Sherwood,50,Adrian,59
2017-02-11,Eminence,62,Alton,29
2017-02-11,Valley,62,Bismarck,79
2017-02-11,Willard,64,Blair Oaks,57
2017-02-11,Tina-Avalon,38,Brunswick,28
2017-02-11,St. Paul Lutheran (Farmington),42,Calvary Lutheran,64
2017-02-11,Green Ridge,42,Cole Camp,59
2017-02-11,Tuscumbia,55,Community,43
2017-02-11,Fair Play,67,Crocker,50
2017-02-11,Central (Park Hills),41,Farmington,56
2017-02-11,Humansville,34,Halfway,49
2017-02-11,Northwestern (Mendon),71,Hardin-Central,61
2017-02-11,Sacred Heart,34,Lincoln,35
2017-02-11,Lutheran (Kansas City),62,Lone Jack,61
2017-02-11,Hannibal,71,Marshall,58
2017-02-11,Rockwood Summit,58,Mexico,40
2017-02-11,Sheldon,55,Miami (Amoret),42
2017-02-11,Bronaugh,19,Montrose,59
2017-02-11,Paris with Faith Walk,49,North Callaway,51
2017-02-11,Potosi,36,North County,50
2017-02-11,Central (Kansas City),39,Northeast (Kansas City),70
2017-02-11,Tipton,63,Northwest (Hughesville),66
2017-02-11,New Covenant Academy,62,Norwood,77
2017-02-11,Marion County,46,Putnam County,87
2017-02-11,South Nodaway with Jefferson (Conception),60,Rock Port,58
2017-02-11,Helias Catholic,62,Rolla,49
2017-02-11,Republic,63,Savannah,28
2017-02-11,Windsor,53,Smithton,63
2017-02-11,Fatima,68,South Callaway,55
2017-02-11,Carnahan,45,St. Mary's South Side,59
2017-02-11,West County,57,Ste. Genevieve,50
2017-02-13,Veritas Christian Academy,52,Bishop DuBourg,16
2017-02-13,Valley,42,Bunker,52
2017-02-13,Cooter,55,Campbell,71
2017-02-13,Southeast,69,Central (Kansas City),49
2017-02-13,Miami (Amoret),33,Chilhowee,89
2017-02-13,De Smet Jesuit,59,Christian Brothers College,82
2017-02-13,Pleasant Hope,61,Climax Springs,50
2017-02-13,North Shelby,50,Community,55
2017-02-13,Lone Jack,46,Concordia,59
2017-02-13,Seymour,56,Conway,71
2017-02-13,Lutie,52,Couch,44
2017-02-13,Marion C. Early,39,Dadeville,50
2017-02-13,Clarkton,67,East Carter,54
2017-02-13,Summersville,19,Eminence,56
2017-02-13,School of the Ozarks,63,Everton,39
2017-02-13,Northwest (Cedar Hill),44,Festus,48
2017-02-13,St. Vincent,72,Fredericktown,54
2017-02-13,Butler,50,Harrisonville,55
2017-02-13,McCluer North,84,Hazelwood Central,82
2017-02-13,Ft. Zumwalt North,46,Hazelwood West,77
2017-02-13,Putnam County,71,Highland,81
2017-02-13,Portageville,76,Holcomb,45
2017-02-13,Maplewood-Richmond Hts.,60,Jennings,73
2017-02-13,Clayton,49,John Burroughs,41
2017-02-13,Wentworth Military Academy,10,Kingsville,59
2017-02-13,Verona,49,McAuley Catholic,58
2017-02-13,Riverview Gardens,57,McCluer South-Berkeley,64
2017-02-13,Lamar,65,McDonald County,55
2017-02-13,Milan,52,Mercer,62
2017-02-13,Transportation and Law,71,Miller Career Academy,53
2017-02-13,Hurley,73,New Covenant Academy,61
2017-02-13,Chadwick,60,Niangua,51
2017-02-13,La Monte,41,Northwest (Hughesville),71
2017-02-13,Macon County,42,Novinger,57
2017-02-13,Staley,53,Oak Park,67
2017-02-13,Kirkwood,42,Parkway South,53
2017-02-13,Osborn,24,Pattonsburg,62
2017-02-13,Wheaton,34,Purdy,73
2017-02-13,Eugene,64,Richland,63
2017-02-13,Lee's Summit,40,Rockhurst,60
2017-02-13,Lindbergh,38,Rockwood Summit,32
2017-02-13,Otterville,49,Sacred Heart,80
2017-02-13,Versailles,60,Skyline,71
2017-02-13,Santa Fe,53,Smithton,60
2017-02-13,Hermitage,76,Stoutland,66
2017-02-13,Lincoln,88,Stover,52
2017-02-13,Central (Park Hills),67,Sullivan,76
2017-02-13,Missouri School for the Deaf,66,The Fulton School,23
2017-02-13,Orrick,29,Tina-Avalon,55
2017-02-13,Lift for Life Academy Charter,47,Trinity Catholic,56
2017-02-13,Linn,53,Tuscumbia,46
2017-02-13,Bloomfield,55,Twin Rivers,58
2017-02-13,DeSoto,45,Union,47
2017-02-13,Clearwater,35,Van Buren,71
2017-02-13,Northeast Nodaway,42,Worth County,65
2017-02-14,Chamois,1,The Fulton School,0
2017-02-14,South Harrison,61,Albany,25
2017-02-14,Ellington,80,Alton,44
2017-02-14,Osceola,38,Appleton City,61
2017-02-14,Central (Park Hills),65,Arcadia Valley,59
2017-02-14,Pleasant Hope,82,Ash Grove,92
2017-02-14,Calhoun,42,Ballard,75
2017-02-14,Principia,60,Barat Academy,62
2017-02-14,Camdenton,24,Battle,72
2017-02-14,Valley Park,77,Bayless,49
2017-02-14,Green City,51,Bevier,57
2017-02-14,Galena,67,Billings,63
2017-02-14,Herculaneum,77,Bismarck,90
2017-02-14,California,57,Blair Oaks,66
2017-02-14,Spokane,40,Blue Eye,59
2017-02-14,Lee's Summit North,78,Blue Springs,89
2017-02-14,Park Hill,59,Blue Springs South,50
2017-02-14,Buffalo,26,Bolivar,73
2017-02-14,Steelville,87,Bourbon,65
2017-02-14,Fordland,70,Bradleyville,72
2017-02-14,Macon County,70,Brashear,51
2017-02-14,Southwest (Livingston County) with Breckenridge,54,Braymer,65
2017-02-14,Winston,65,Cainsville with Ridgeway,25
2017-02-14,St. Paul Lutheran (Concordia),49,Calvary Lutheran,53
2017-02-14,Delta (Deering),54,Campbell,68
2017-02-14,Marion County,18,Canton,67
2017-02-14,Carthage,41,Carl Junction,58
2017-02-14,Knob Noster,69,Carrollton,59
2017-02-14,Kennett,43,Caruthersville,46
2017-02-14,Smith-Cotton,50,Center,65
2017-02-14,Charleston,76,Central (Cape Girardeau),57
2017-02-14,Sikeston,79,Central (New Madrid County),56
2017-02-14,Lebanon,70,Central (Springfield),75
2017-02-14,Delta,34,Chaffee,67
2017-02-14,Lafayette (St. Joseph),74,Chillicothe,59
2017-02-14,Macon,32,Clark County,62
2017-02-14,South Pemiscot,72,Clarkton,59
2017-02-14,Niangua,58,Climax Springs,54
2017-02-14,Warrensburg,66,Clinton,63
2017-02-14,Bowling Green,30,Clopton,37
2017-02-14,La Monte,25,Cole Camp,90
2017-02-14,North Pemiscot,64,Cooter,90
2017-02-14,Sweet Springs,49,Crest Ridge,67
2017-02-14,Stockton,63,Dadeville,41
2017-02-14,Osborn,36,DeKalb,48
2017-02-14,Sarcoxie,36,Diamond,52
2017-02-14,Iberia,61,Dixon,58
2017-02-14,Eminence,79,Doniphan,81
2017-02-14,Bakersfield,44,Dora,54
2017-02-14,Adrian,53,Drexel,46
2017-02-14,Montgomery County,80,Elsberry,64
2017-02-14,Lindbergh,50,Eureka,64
2017-02-14,Springfield Catholic,59,Fair Grove,52
2017-02-14,Walnut Grove,80,Fair Play,64
2017-02-14,Chamois,44,Fatima,45
2017-02-14,North County,49,Festus,54
2017-02-14,Crane,77,Forsyth,70
2017-02-14,Parkway South,74,Fox,40
2017-02-14,West County,70,Fredericktown,56
2017-02-14,Winfield,32,Ft. Zumwalt East,64
2017-02-14,University City,73,Ft. Zumwalt North,54
2017-02-14,Troy Buchanan,43,Ft. Zumwalt West,54
2017-02-14,Kirksville,30,Fulton,62
2017-02-14,Hartville,79,Gainesville,38
2017-02-14,Southland,32,Gideon,58
2017-02-14,Meadville,50,Glasgow,57
2017-02-14,Joplin,72,Glendale,96
2017-02-14,Pierce City,78,Golden City,40
2017-02-14,Raytown South,81,Grandview,72
2017-02-14,Valle Catholic,52,Grandview (Hillsboro),35
2017-02-14,Miller,34,Greenfield,73
2017-02-14,Tri-County,13,Grundy County with Newtown-Harris,66
2017-02-14,Van Horn,84,Guadalupe Centers Charter,33
2017-02-14,Linn County,64,Hale with Bosworth,42
2017-02-14,Osage,64,Hallsville,72
2017-02-14,Wentworth Military Academy,15,Hardin-Central,70
2017-02-14,Salisbury,72,Harrisburg,67
2017-02-14,Grain Valley,36,Harrisonville,43
2017-02-14,Montrose,47,Hermitage,79
2017-02-14,Rock Bridge,64,Hickman,58
2017-02-14,West Plains,50,Hillcrest,80
2017-02-14,Reeds Spring,48,Hollister,24
2017-02-14,Mountain Grove,75,Houston,38
2017-02-14,Wheatland,74,Humansville,33
2017-02-14,Northeast Vernon County,59,Hume,48
2017-02-14,Higbee,27,Jamestown,60
2017-02-14,New Heights Christian,60,Jasper,47
2017-02-14,West Nodaway with Nodaway-Holt,40,Jefferson (Conception),87
2017-02-14,Marquand-Zion,39,Jefferson (Festus),78
2017-02-14,Platte County,53,Kearney,63
2017-02-14,Atlanta,22,Keytesville,57
2017-02-14,Van Buren,65,Koshkonong,47
2017-02-14,Northwestern (Mendon),68,La Plata,60
2017-02-14,Seckman,47,Lafayette (Wildwood),86
2017-02-14,Richmond,38,Lafayette County,48
2017-02-14,Monett,37,Lamar,70
2017-02-14,Crocker,71,Laquey,48
2017-02-14,Lawson,82,Lathrop,52
2017-02-14,East Carter,55,Lesterville,62
2017-02-14,Holden,34,Lexington,53
2017-02-14,Park Hill South,41,Liberty,36
2017-02-14,Ava,39,Liberty (Mountain View),78
2017-02-14,Francis Howell North,58,Liberty (Wentzville),65
2017-02-14,Raytown,54,Liberty North,57
2017-02-14,Liberal,52,Lockwood,55
2017-02-14,Kingsville,36,Lutheran (Kansas City),62
2017-02-14,Westminster Christian Academy,69,Lutheran South,54
2017-02-14,Halfway,49,Macks Creek,59
2017-02-14,Sturgeon,53,Madison,40
2017-02-14,East Prairie,39,Malden,70
2017-02-14,Norwood,36,Mansfield,64
2017-02-14,Knox County,41,Marceline,33
2017-02-14,El Dorado Springs,75,Marion C. Early,52
2017-02-14,Stanberry,62,Maysville,40
2017-02-14,Bronaugh,25,McAuley Catholic,71
2017-02-14,Ritenour,62,McCluer,85
2017-02-14,Greenville,57,Meadow Heights,77
2017-02-14,Glasgow,57,Meadville,50
2017-02-14,Marquette,65,Mehlville,59
2017-02-14,Gilman City with North Daviess,69,Mercer,91
2017-02-14,North Platte,35,Mid-Buchanan,49
2017-02-14,Archie,48,Midway,31
2017-02-14,Boonville,50,Moberly,52
2017-02-14,Brookfield,51,Monroe City,82
2017-02-14,Nodaway-Holt,52,Mound City,61
2017-02-14,Clearwater,62,Naylor,84
2017-02-14,Senath-Hornersville,39,Neelyville,68
2017-02-14,Butler,58,Nevada,68
2017-02-14,Everton,67,New Covenant Academy,62
2017-02-14,Sullivan,55,New Haven,40
2017-02-14,Republic,58,Nixa,57
2017-02-14,Northland Christian,36,North Andrew,114
2017-02-14,Mark Twain,56,North Callaway,66
2017-02-14,Worth County,65,North Harrison,36
2017-02-14,Scotland County,57,North Shelby,42
2017-02-14,New Franklin,51,Northeast (Cairo),59
2017-02-14,Hogan Prep Academy Charter,89,Northeast (Kansas City),68
2017-02-14,Smithton,69,Northwest (Hughesville),48
2017-02-14,Farmington,55,Notre Dame (Cape Girardeau),56
2017-02-14,Newtown-Harris,35,Novinger,68
2017-02-14,Northwest (Cedar Hill),28,Oakville,26
2017-02-14,Oak Grove,46,Odessa,68
2017-02-14,St. Pius X (Kansas City),73,O'Hara,52
2017-02-14,Advance,55,Oran,66
2017-02-14,Concordia,70,Orrick,32
2017-02-14,Branson,58,Ozark,72
2017-02-14,Owensville,26,Pacific,55
2017-02-14,Hannibal,55,Palmyra,52
2017-02-14,Fayette,63,Paris with Faith Walk,49
2017-02-14,Timberland,71,Parkway North,47
2017-02-14,University Academy Charter,37,Pembroke Hill,77
2017-02-14,Hillsboro,75,Perryville,47
2017-02-14,Golden City,40,Pierce City,78
2017-02-14,Slater,78,Pilot Grove,73
2017-02-14,Licking,60,Plato,40
2017-02-14,East Buchanan,40,Plattsburg,48
2017-02-14,Excelsior Springs,54,Pleasant Hill,69
2017-02-14,Dexter,46,Poplar Bluff,76
2017-02-14,Bloomfield,67,Portageville,57
2017-02-14,Lutheran North,66,Priory,57
2017-02-14,Woodland,77,Puxico,67
2017-02-14,Lee's Summit West,56,Raymore-Peculiar,36
2017-02-14,Lakeland,79,Rich Hill,68
2017-02-14,Newburg,56,Richland,39
2017-02-14,Bernie,52,Richland (Essex),31
2017-02-14,North County,62,Riverview Gardens,56
2017-02-14,North Technical,62,Riverview Gardens,56
2017-02-14,Kickapoo,91,Rolla,44
2017-02-14,Fort Osage,66,Ruskin,69
2017-02-14,New Bloomfield,70,Russellville,64
2017-02-14,Cabool,59,Salem,71
2017-02-14,Diamond,52,Sarcoxie,36
2017-02-14,Benton,45,Savannah,31
2017-02-14,Bell City,53,Saxony Lutheran,95
2017-02-14,Westran,47,Schuyler County,67
2017-02-14,Scott City,69,Scott County Central,84
2017-02-14,Mt. Vernon,59,Seneca,51
2017-02-14,Barstow,100,Sherwood,46
2017-02-14,Bishop LeBlond,61,Smithville,47
2017-02-14,Tuscumbia,40,South Callaway,66
2017-02-14,Union Star,24,South Holt,78
2017-02-14,Winona,48,South Iron,49
2017-02-14,Highland,68,South Shelby,64
2017-02-14,Helias Catholic,59,Southern Boone,44
2017-02-14,Thomas Jefferson Independent Day,41,Southwest (Washburn),83
2017-02-14,Clever,71,Sparta,52
2017-02-14,Francis Howell Central,62,St. Charles,67
2017-02-14,Warrenton,53,St. Charles West,64
2017-02-14,Veritas Christian Academy,42,St. Dominic,52
2017-02-14,Lutheran St. Charles,28,St. Francis Borgia,61
2017-02-14,Hermann,82,St. James,72
2017-02-14,St. Mary's South Side,74,St. Pius X (Festus),36
2017-02-14,Kingston,29,St. Vincent,61
2017-02-14,Rock Port,43,Stewartsville with Osborn,54
2017-02-14,Marionville,62,Strafford,58
2017-02-14,South Nodaway with Jefferson (Conception),64,Tarkio with Fairfax,59
2017-02-14,Willow Springs,45,Thayer,75
2017-02-14,Missouri Military Academy,52,Tipton,63
2017-02-14,Cameron,60,Trenton,82
2017-02-14,Central (St. Joseph),77,Truman,55
2017-02-14,St. Clair,33,Union,47
2017-02-14,Ft. Zumwalt North,54,University City,73
2017-02-14,Bayless,49,Valley Park,77
2017-02-14,Wright City,48,Van-Far,79
2017-02-14,Belle,76,Vienna,57
2017-02-14,Versailles,76,Warsaw,63
2017-02-14,Parkview,70,Waynesville,57
2017-02-14,Willard,53,Webb City,35
2017-02-14,Parkway Central,55,Webster Groves,74
2017-02-14,Lone Jack,37,Wellington-Napoleon,65
2017-02-14,Silex,35,Wellsville-Middletown,58
2017-02-14,Penney,74,West Platte,30
2017-02-14,Exeter,34,Wheaton,54
2017-02-14,North Kansas City,46,William Chrisman,38
2017-02-14,Sacred Heart,69,Windsor,39
2017-02-14,Belton,59,Winnetonka,40
2017-02-14,Leopold,47,Zalma,82
2017-02-15,Gateway Science Charter,42,Affton,72
2017-02-15,Orchard Farm,54,Brentwood,71
2017-02-15,St. Mary's South Side,61,Cardinal Ritter,58
2017-02-15,Cristo Rey,62,Central (Kansas City),50
2017-02-15,University City,69,Clayton,62
2017-02-15,Crossroads College Preparatory,35,Hancock,101
2017-02-15,Jennings,58,Hazelwood East,49
2017-02-15,Atlanta,43,Higbee,76
2017-02-15,Father Tolton,58,Jefferson City,55
2017-02-15,South Callaway,42,Linn,58
2017-02-15,Collegiate School of Med-Bio Science with Central Visual and Performing Arts,36,Metro,52
2017-02-15,Sumner,41,Normandy Collaborative,54
2017-02-15,Perryville,63,North County,75
2017-02-15,Lift for Life Academy Charter,27,North Technical,71
2017-02-15,Maplewood-Richmond Hts.,39,Parkway West,52
2017-02-15,McCluer North,90,Pattonville,93
2017-02-15,Windsor (Imperial),72,Seckman,80
2017-02-15,Adrian,47,Skyline,51
2017-02-15,Chaminade College Prep,58,SLUH,60
2017-02-15,Santa Fe,51,Sweet Springs,44
2017-02-15,Clayton,62,University City,69
2017-02-15,Soldan International Studies,41,Vashon,74
2017-02-15,Northland Christian,59,West Platte,47
2017-02-15,Ladue Horton Watkins,68,Whitfield,81
2017-02-16,Gilman City with North Daviess,67,Albany,50
2017-02-16,Summersville,33,Alton,81
2017-02-16,Maplewood-Richmond Hts.,70,Bayless,25
2017-02-16,Kelly,52,Bell City,65
2017-02-16,Grandview (Hillsboro),56,Bismarck,83
2017-02-16,Forsyth,53,Blue Eye,55
2017-02-16,Kirksville,71,Boonville,48
2017-02-16,Brunswick,70,Breckenridge,35
2017-02-16,Miami (Amoret),43,Bronaugh,65
2017-02-16,St. Mary's South Side,61,Cardinal Ritter,58
2017-02-16,Joplin,71,Carl Junction,68
2017-02-16,Bradleyville,85,Chadwick,52
2017-02-16,Collegiate School of Med-Bio Science with Central Visual and Performing Arts,55,Cleveland NJROTC,70
2017-02-16,Billings,47,Clever,84
2017-02-16,Cleveland NJROTC,70,Collegiate School of Med-Bio Science with Central Visual and Performing Arts,55
2017-02-16,Sherwood,63,Crest Ridge,78
2017-02-16,Cooter,86,Delta (Deering),79
2017-02-16,St. Francis Borgia,57,Duchesne,62
2017-02-16,South Pemiscot,62,East Prairie,71
2017-02-16,Nevada,62,El Dorado Springs,46
2017-02-16,Winona,56,Ellington,64
2017-02-16,Silex,26,Elsberry,70
2017-02-16,Bunker,33,Eminence,56
2017-02-16,Purdy,61,Exeter,27
2017-02-16,Weaubleau,46,Fair Play,62
2017-02-16,Francis Howell Central,46,Francis Howell,61
2017-02-16,Campbell,64,Gideon,55
2017-02-16,Liberal,63,Golden City,50
2017-02-16,Macon County,60,Green City,78
2017-02-16,Hurley,32,Greenwood,61
2017-02-16,Pattonsburg,62,Grundy County with Newtown-Harris,34
2017-02-16,Stoutland,64,Halfway,50
2017-02-16,Santa Fe,69,Hardin-Central,49
2017-02-16,La Plata,69,Higbee,59
2017-02-16,Lafayette County,74,Holden,25
2017-02-16,Thayer,62,Houston,34
2017-02-16,Archie,60,Hume,27
2017-02-16,Lutheran North,54,John Burroughs,65
2017-02-16,Jackson,59,Kennett,64
2017-02-16,Lexington,53,Knob Noster,72
2017-02-16,Bakersfield,53,Koshkonong,52
2017-02-16,Drexel,61,Lakeland,64
2017-02-16,Brookfield,46,Lawson,79
2017-02-16,Winnetonka,39,Lee's Summit West,80
2017-02-16,Golden City,53,Liberal,61
2017-02-16,Ft. Zumwalt East,46,Liberty (Wentzville),60
2017-02-16,Iberia,43,Licking,63
2017-02-16,Norwood,58,Lutie,49
2017-02-16,Holcomb,39,Malden,84
2017-02-16,Bayless,25,Maplewood-Richmond Hts.,70
2017-02-16,Seymour,52,Marion C. Early,58
2017-02-16,Oak Ridge,83,Marquand-Zion,43
2017-02-16,St. Vincent,67,Meadow Heights,68
2017-02-16,Norborne,44,Meadville,69
2017-02-16,McKinley Classical Leadership,82,Metro,36
2017-02-16,North Harrison,27,Milan,55
2017-02-16,Battle,84,Missouri Military Academy,54
2017-02-16,Ballard,46,Montrose,68
2017-02-16,Madison,43,New Franklin,57
2017-02-16,DeKalb,37,Northeast Nodaway,65
2017-02-16,North Shelby,69,Northwestern (Mendon),89
2017-02-16,Brashear,22,Novinger,62
2017-02-16,Mound City,79,Osborn,21
2017-02-16,Barstow,70,Pembroke Hill,59
2017-02-16,Trenton,45,Penney,55
2017-02-16,Rock Port,52,Plattsburg,73
2017-02-16,Braymer,56,Polo,39
2017-02-16,Arcadia Valley,49,Potosi,61
2017-02-16,Jamestown,64,Prairie Home,60
2017-02-16,Climax Springs,45,Richland,68
2017-02-16,Zalma,30,Risco,67
2017-02-16,Sumner,69,Roosevelt,66
2017-02-16,Westran,28,Salisbury,61
2017-02-16,Spokane,50,School of the Ozarks,67
2017-02-16,Central (New Madrid County),72,Scott County Central,82
2017-02-16,North Pemiscot,57,Senath-Hornersville,74
2017-02-16,Cassville,59,Seneca,49
2017-02-16,New Heights Christian,58,Sheldon,38
2017-02-16,Caruthersville,79,Sikeston,88
2017-02-16,Worth County,67,South Harrison,56
2017-02-16,Greenville,39,South Iron,55
2017-02-16,Stewartsville with Osborn,48,South Nodaway with Jefferson (Conception),54
2017-02-16,St. James,60,St. Clair,61
2017-02-16,New Bloomfield,59,St. Elizabeth,61
2017-02-16,Northland Christian,41,St. Joseph Christian,57
2017-02-16,Springfield Catholic,68,Stockton,33
2017-02-16,Jefferson (Conception),54,Tarkio with Fairfax,67
2017-02-16,McAuley Catholic,70,Thomas Jefferson Independent Day,49
2017-02-16,Linn County,47,Tina-Avalon,46
2017-02-16,Chamois,46,Tuscumbia,44
2017-02-16,Nodaway-Holt,69,Union Star,27
2017-02-16,Crystal City,27,Valle Catholic,59
2017-02-16,Herculaneum,49,Valley Park,72
2017-02-16,Webster Groves,60,Vashon,59
2017-02-16,Trinity Catholic,54,Veritas Christian Academy,46
2017-02-16,Southwest (Washburn),67,Verona,49
2017-02-16,Lesterville,44,Viburnum,54
2017-02-16,Steelville,73,Vienna,39
2017-02-16,Missouri School for the Deaf,53,Wentworth Military Academy,47
2017-02-16,North Nodaway,56,West Nodaway with Nodaway-Holt,51
2017-02-16,DeSoto,55,Windsor (Imperial),60
2017-02-17,Cleveland NJROTC,55,Metro,42
2017-02-17,Rich Hill,39,Adrian,63
2017-02-17,Appleton City,46,Archie,43
2017-02-17,Lamar,67,Aurora,70
2017-02-17,Hickman,69,Battle,66
2017-02-17,Raytown South,72,Belton,76
2017-02-17,Bishop LeBlond,39,Benton,49
2017-02-17,Lutheran St. Charles,58,Bishop DuBourg,33
2017-02-17,Raymore-Peculiar,42,Blue Springs,70
2017-02-17,Lee's Summit,60,Blue Springs South,62
2017-02-17,Cuba,67,Bourbon,58
2017-02-17,Carthage,61,Branson,55
2017-02-17,Wentworth Military Academy,39,Breckenridge,43
2017-02-17,Calhoun,57,Bunceton,80
2017-02-17,Summit Christian Academy,79,Butler,56
2017-02-17,Mercer,68,Cainsville with Ridgeway,27
2017-02-17,St. Elizabeth,48,Calvary Lutheran,50
2017-02-17,Hillcrest,77,Camdenton,46
2017-02-17,Paris with Faith Walk,48,Canton,73
2017-02-17,Branson,55,Carthage,61
2017-02-17,Nevada,71,Center,67
2017-02-17,Perryville,74,Central (Park Hills),86
2017-02-17,Park Hill South,70,Central (St. Joseph),48
2017-02-17,Clark County,61,Centralia,56
2017-02-17,Russellville,37,Chamois,71
2017-02-17,Poplar Bluff,60,Charleston,65
2017-02-17,Marshall,34,Chillicothe,55
2017-02-17,Vianney,47,Christian Brothers College,50
2017-02-17,Normandy Collaborative,59,Clayton,53
2017-02-17,Van-Far,52,Clopton,59
2017-02-17,Sacred Heart,47,Cole Camp,49
2017-02-17,Mark Twain,59,Community,49
2017-02-17,Norwood,49,Conway,65
2017-02-17,Galena,47,Crane,54
2017-02-17,Macks Creek,68,Crocker,75
2017-02-17,Chaminade College Prep,72,De Smet Jesuit,42
2017-02-17,Southland,19,Delta (Deering),73
2017-02-17,Greenfield,48,Diamond,44
2017-02-17,Monett,51,East Newton,57
2017-02-17,Silex,26,Elsberry,70
2017-02-17,South Callaway,51,Eugene,76
2017-02-17,Fox,44,Eureka,71
2017-02-17,Strafford,49,Fair Grove,72
2017-02-17,Hillsboro,63,Farmington,55
2017-02-17,Schuyler County,55,Fayette,57
2017-02-17,Ste. Genevieve,56,Festus,60
2017-02-17,Oak Park,82,Fort Osage,49
2017-02-17,Valle Catholic,57,Fredericktown,66
2017-02-17,Francis Howell,61,Ft. Zumwalt West,62
2017-02-17,Hannibal,54,Fulton,68
2017-02-17,Excelsior Springs,21,Grain Valley,54
2017-02-17,Kearney,33,Grandview,71
2017-02-17,Northwest (Hughesville),58,Green Ridge,79
2017-02-17,Knox County,69,Harrisburg,73
2017-02-17,Oak Grove,48,Harrisonville,38
2017-02-17,McCluer,64,Hazelwood West,33
2017-02-17,Father Tolton,71,Helias Catholic,67
2017-02-17,New Haven,34,Hermann,56
2017-02-17,Palmyra,70,Highland,36
2017-02-17,Farmington,55,Hillsboro,63
2017-02-17,Buffalo,51,Hollister,62
2017-02-17,St. Dominic,57,Holt,41
2017-02-17,Halfway,73,Humansville,57
2017-02-17,Sheldon,61,Hume,41
2017-02-17,Lockwood,60,Jasper,56
2017-02-17,Waynesville,26,Kickapoo,73
2017-02-17,Princeton,49,King City,54
2017-02-17,Chilhowee,59,Kingsville,40
2017-02-17,Tipton,70,La Monte,42
2017-02-17,North Technical,37,Ladue Horton Watkins,71
2017-02-17,Smithville,44,Lafayette (St. Joseph),100
2017-02-17,Lindbergh,65,Lafayette (Wildwood),46
2017-02-17,Newburg,64,Laquey,31
2017-02-17,Parkview,66,Lebanon,57
2017-02-17,Lutheran (Kansas City),64,Leeton,44
2017-02-17,Truman,34,Liberty North,64
2017-02-17,Fatima,60,Linn,53
2017-02-17,Bolivar,48,Logan-Rogersville,47
2017-02-17,South Shelby,58,Louisiana,61
2017-02-17,Central (Cape Girardeau),52,Lutheran South,75
2017-02-17,Monroe City,67,Macon,58
2017-02-17,Fordland,50,Mansfield,61
2017-02-17,Ash Grove,45,Marionville,56
2017-02-17,Savannah,42,Maryville,58
2017-02-17,Seckman,61,Mehlville,62
2017-02-17,Pierce City,74,Miller,28
2017-02-17,Sikeston,61,Miller Career Academy,76
2017-02-17,Hallsville,67,Missouri Military Academy,46
2017-02-17,Mexico,51,Moberly,66
2017-02-17,Warrenton,74,Montgomery County,78
2017-02-17,Ava,41,Mountain Grove,74
2017-02-17,McDonald County,51,Mt. Vernon,75
2017-02-17,Ozark,55,Neosho,50
2017-02-17,Center,67,Nevada,71
2017-02-17,Sarcoxie,51,New Heights Christian,37
2017-02-17,Webb City,55,Nixa,82
2017-02-17,Southwest (Livingston County) with Breckenridge,45,North Andrew,85
2017-02-17,Bowling Green,34,North Callaway,47
2017-02-17,Pilot Grove,81,Northeast (Cairo),90
2017-02-17,East (Kansas City),55,Northeast (Kansas City),76
2017-02-17,Marquette,49,Oakville,21
2017-02-17,Clinton,64,O'Hara,75
2017-02-17,Blair Oaks,78,Osage,68
2017-02-17,Midway,52,Osceola,54
2017-02-17,Union,45,Owensville,50
2017-02-17,Lee's Summit West,66,Park Hill,54
2017-02-17,McCluer South-Berkeley,43,Parkway Central,64
2017-02-17,Rockwood Summit,46,Parkway North,53
2017-02-17,Northwest (Cedar Hill),33,Parkway South,73
2017-02-17,Jennings,51,Parkway West,53
2017-02-17,Iberia,72,Plato,56
2017-02-17,Winnetonka,48,Platte County,62
2017-02-17,Odessa,61,Pleasant Hill,62
2017-02-17,MICDS,74,Principia,58
2017-02-17,Westminster Christian Academy,56,Priory,42
2017-02-17,Liberty,60,Raytown,64
2017-02-17,Marshfield,53,Reeds Spring,50
2017-02-17,Willard,38,Republic,45
2017-02-17,Dixon,59,Richland,64
2017-02-17,Carrollton,33,Richmond,63
2017-02-17,Kirkwood,54,Ritenour,63
2017-02-17,Rockhurst,60,Rock Bridge,67
2017-02-17,Glendale,101,Rolla,94
2017-02-17,William Chrisman,74,Ruskin,64
2017-02-17,St. Pius X (Kansas City),61,Smith-Cotton,49
2017-02-17,Lincoln,76,Smithton,69
2017-02-17,Maysville,58,South Holt,66
2017-02-17,Warsaw,33,Southern Boone,70
2017-02-17,East Buchanan,47,St. Joseph Christian,39
2017-02-17,Smith-Cotton,49,St. Pius X (Kansas City),61
2017-02-17,North Kansas City,60,Staley,45
2017-02-17,Gallatin,45,Stanberry,56
2017-02-17,Windsor,61,Stover,59
2017-02-17,Glasgow,52,Sturgeon,57
2017-02-17,Pacific,41,Sullivan,57
2017-02-17,Ft. Zumwalt South,48,Timberland,66
2017-02-17,Soldan International Studies,53,Transportation and Law,71
2017-02-17,Francis Howell North,52,Troy Buchanan,71
2017-02-17,Sherwood,49,University Academy Charter,63
2017-02-17,Affton,67,University City,64
2017-02-17,Eldon,45,Versailles,76
2017-02-17,Hogan Prep Academy Charter,82,Warrensburg,52
2017-02-17,Ft. Zumwalt North,55,Washington,64
2017-02-17,Pattonville,62,Webster Groves,71
2017-02-17,Wright City,70,Wellsville-Middletown,75
2017-02-17,Joplin,78,West Plains,63
2017-02-17,Hermitage,94,Wheatland,83
2017-02-17,Salem,58,Willow Springs,69
2017-02-18,Risco,83,Southland,40
2017-02-18,Gideon,56,Cooter,59
2017-02-18,Scott County Central,77,North Pemiscot,24
2017-02-18,Clarkton,68,Delta (Deering),66
2017-02-18,South Iron,69,Summersville,24
2017-02-18,Valley,69,Viburnum,56
2017-02-18,Eminence,69,St. Paul Lutheran (Farmington),29
2017-02-18,Bunker,55,Lesterville,36
2017-02-18,Bradleyville,71,Niangua,26
2017-02-18,Couch,81,Koshkonong,67
2017-02-18,Bakersfield,61,Lutie,42
2017-02-18,Dora,64,Chadwick,49
2017-02-18,Walnut Grove,73,Exeter,35
2017-02-18,Everton,61,Golden City,48
2017-02-18,Greenfield,70,Wheaton,24
2017-02-18,Hurley,73,Dadeville,52
2017-02-18,Novinger,63,Atlanta,49
2017-02-18,Bevier,77,Grundy County with Newtown-Harris,51
2017-02-18,Linn County,70,Brashear,18
2017-02-18,Green City,71,Macon County,35
2017-02-18,Hayti,73,Holcomb,41
2017-02-18,Bloomfield,64,South Pemiscot,35
2017-02-18,Bernie,59,Senath-Hornersville,40
2017-02-18,Puxico,54,Campbell,70
2017-02-18,Oran,79,Kingston,21
2017-02-18,St. Vincent,61,Valle Catholic,68
2017-02-18,Meadow Heights,62,Chaffee,32
2017-02-18,Scott City,67,Bismarck,47
2017-02-18,Thayer,64,Naylor,23
2017-02-18,Neelyville,72,Greenville,59
2017-02-18,Ellington,75,Alton,43
2017-02-18,Winona,42,Van Buren,56
2017-02-18,Charleston,84,Kelly,24
2017-02-18,Malden,60,Central (New Madrid County),66
2017-02-18,Caruthersville,66,East Prairie,48
2017-02-18,Kennett,69,Portageville,52
2017-02-18,Saxony Lutheran,86,Fredericktown,27
2017-02-18,Woodland,67,Arcadia Valley,45
2017-02-18,Doniphan,81,East Carter,48
2017-02-18,Twin Rivers,52,Clearwater,69
2017-02-18,Central (Park Hills),53,Grandview (Hillsboro),35
2017-02-18,Jefferson (Festus),49,St. Pius X (Festus),71
2017-02-18,West County,85,Bourbon,67
2017-02-18,Steelville,80,Cuba,47
2017-02-18,Cardinal Ritter,94,Cleveland NJROTC,42
2017-02-18,Brentwood,67,Lift for Life Academy Charter,56
2017-02-18,Carnahan,67,Roosevelt,30
2017-02-18,Maplewood-Richmond Hts.,81,Gateway Science Charter,33
2017-02-18,Richland,53,Belle,56
2017-02-18,Pembroke Hill,66,Grain Valley,54
2017-02-18,Christian Brothers College,47,SLUH,66
2017-02-20,Advance,110,Marquand-Zion,19
2017-02-20,Oak Ridge,61,Richland (Essex),44
2017-02-20,Bell City,58,Leopold,35
2017-02-20,Zalma,74,Delta,51
2017-02-20,Hermitage,91,Humansville,47
2017-02-20,Lakeland,75,Weaubleau,62
2017-02-20,Wheatland,79,Climax Springs,51
2017-02-20,Macks Creek,51,Halfway,47
2017-02-20,Madison,49,Community,36
2017-02-20,Wellsville-Middletown,90,Missouri School for the Deaf,56
2017-02-20,North Shelby,64,Marion County,44
2017-02-20,Mercer,59,Albany,13
2017-02-20,North Harrison,53,Newtown-Harris,27
2017-02-20,Worth County,56,Gilman City with North Daviess,43
2017-02-20,Pattonsburg,65,Cainsville with Ridgeway,41
2017-02-20,Jefferson (Conception),63,West Nodaway with Nodaway-Holt,25
2017-02-20,Nodaway-Holt,38,Rock Port,35
2017-02-20,Mound City,69,Northeast Nodaway,45
2017-02-20,South Nodaway with Jefferson (Conception),56,North Nodaway,35
2017-02-20,Thayer,61,Neelyville,39
2017-02-20,Ellington,62,Van Buren,47
2017-02-20,Hartville,87,Norwood,39
2017-02-20,Plato,64,Sparta,51
2017-02-20,Mansfield,76,Gainesville,28
2017-02-20,Fordland,58,Seymour,52
2017-02-20,McKinley Classical Leadership,74,Crossroads College Preparatory,30
2017-02-20,Crystal City,39,New Haven,49
2017-02-20,Elsberry,54,Silex,36
2017-02-20,Barat Academy,71,Collegiate School of Med-Bio Science with Central Visual and Performing Arts,43
2017-02-20,Newburg,59,Vienna,35
2017-02-20,Crocker,58,Stoutland,53
2017-02-20,Iberia,69,Laquey,42
2017-02-20,Richland,76,Belle,57
2017-02-20,Central (Park Hills),68,St. Pius X (Festus),59
2017-02-20,West County,75,Steelville,60
2017-02-20,Whitfield,75,Bayless,34
2017-02-20,Principia,67,Herculaneum,37
2017-02-20,Hancock,60,Bishop DuBourg,17
2017-02-20,Valley Park,67,John F. Kennedy,38
2017-02-20,Transportation and Law,74,Sumner,33
2017-02-20,North Technical,68,McCluer South-Berkeley,73
2017-02-20,Duchesne,48,Lutheran North,52
2017-02-20,Trinity Catholic,60,Orchard Farm,68
2017-02-20,Monroe City,63,Macon,32
2017-02-20,Highland,57,Palmyra,58
2017-02-20,Hallsville,82,Mark Twain,59
2017-02-20,Clark County,57,Centralia,41
2017-02-20,Mountain Grove,73,Houston,38
2017-02-20,Conway,66,Cabool,53
2017-02-20,Troy Buchanan,36,De Smet Jesuit,54
2017-02-20,Lutheran South,55,John Burroughs,54
2017-02-20,Fox,37,Kirkwood,81
2017-02-20,Sheldon,60,Miami (Amoret),53
2017-02-20,Gateway,40,Vashon,89
2017-02-20,Warrenton,62,Washington,56
2017-02-21,Risco,56,Cooter,38
2017-02-21,Scott County Central,75,Clarkton,55
2017-02-21,Advance,99,Oak Ridge,53
2017-02-21,Bell City,59,Zalma,41
2017-02-21,South Iron,48,Valley,27
2017-02-21,Eminence,59,Bunker,45
2017-02-21,Bradleyville,75,Couch,44
2017-02-21,Bakersfield,52,Dora,64
2017-02-21,Walnut Grove,91,Everton,47
2017-02-21,Greenfield,86,Hurley,59
2017-02-21,Montrose,69,Hume,17
2017-02-21,Bronaugh,47,Ballard,45
2017-02-21,Drexel,70,Northeast Vernon County,28
2017-02-21,Sheldon,60,Miami (Amoret),53
2017-02-21,Green Ridge,72,La Monte,41
2017-02-21,Chilhowee,69,Northwest (Hughesville),83
2017-02-21,Leeton,67,Calhoun,36
2017-02-21,Otterville,67,Kingsville,58
2017-02-21,Glasgow,75,Bunceton,22
2017-02-21,Prairie Home,73,Tuscumbia,66
2017-02-21,Jamestown,70,Pilot Grove,57
2017-02-21,St. Elizabeth,84,Higbee,57
2017-02-21,Novinger,46,Bevier,39
2017-02-21,Linn County,52,Green City,49
2017-02-21,Meadville,70,Hale with Bosworth,24
2017-02-21,Brunswick,64,Slater,61
2017-02-21,Northwestern (Mendon),69,Tina-Avalon,36
2017-02-21,Keytesville,50,Norborne,37
2017-02-21,Winston,87,Breckenridge,13
2017-02-21,Southwest (Livingston County) with Breckenridge,72,Orrick,53
2017-02-21,Braymer,75,Tri-County,20
2017-02-21,Hardin-Central,66,Wentworth Military Academy,23
2017-02-21,North Andrew,86,Osborn,27
2017-02-21,St. Joseph Christian,41,King City,45
2017-02-21,South Holt,79,DeKalb,30
2017-02-21,Stewartsville with Osborn,62,Union Star,40
2017-02-21,Hayti,74,Bloomfield,48
2017-02-21,Bernie,44,Campbell,61
2017-02-21,Oran,72,Valle Catholic,43
2017-02-21,Meadow Heights,44,Scott City,61
2017-02-21,Knox County,77,Paris with Faith Walk,50
2017-02-21,Clopton,51,Van-Far,42
2017-02-21,Canton,59,Scotland County,64
2017-02-21,Louisiana,61,South Shelby,49
2017-02-21,Salisbury,69,Westran,26
2017-02-21,La Plata,53,Milan,50
2017-02-21,Marceline,59,Northeast (Cairo),63
2017-02-21,Putnam County,71,Schuyler County,58
2017-02-21,Eugene,74,Russellville,29
2017-02-21,Linn,40,New Bloomfield,51
2017-02-21,Harrisburg,87,Calvary Lutheran,53
2017-02-21,Fayette,77,Sturgeon,61
2017-02-21,Greenwood,66,Osceola,32
2017-02-21,Marion C. Early,73,New Covenant Academy,64
2017-02-21,Fair Play,50,Spokane,43
2017-02-21,Skyline,57,Pleasant Hope,37
2017-02-21,Marionville,63,Miller,19
2017-02-21,School of the Ozarks,53,Galena,63
2017-02-21,Crane,68,Verona,44
2017-02-21,Blue Eye,55,Billings,60
2017-02-21,McAuley Catholic,64,Thomas Jefferson Independent Day,57
2017-02-21,Southwest (Washburn),64,Sarcoxie,44
2017-02-21,Pierce City,85,New Heights Christian,46
2017-02-21,Purdy,77,Jasper,66
2017-02-21,Adrian,70,Midway,42
2017-02-21,Crest Ridge,47,Liberal,27
2017-02-21,Appleton City,52,Rich Hill,51
2017-02-21,Lockwood,56,Archie,44
2017-02-21,Sacred Heart,80,Stover,58
2017-02-21,Sweet Springs,66,New Franklin,61
2017-02-21,Lincoln,74,Tipton,35
2017-02-21,Smithton,61,Windsor,50
2017-02-21,Wellington-Napoleon,56,West Platte,22
2017-02-21,Lone Jack,41,Concordia,40
2017-02-21,Santa Fe,55,Northland Christian,43
2017-02-21,Lutheran (Kansas City),49,North Platte,34
2017-02-21,Stanberry,54,Polo,44
2017-02-21,Plattsburg,68,Princeton,65
2017-02-21,Mid-Buchanan,49,Gallatin,34
2017-02-21,Tarkio with Fairfax,58,Maysville,64
2017-02-21,Charleston,76,Central (New Madrid County),70
2017-02-21,Caruthersville,60,Kennett,57
2017-02-21,Saxony Lutheran,96,Woodland,42
2017-02-21,Doniphan,77,Clearwater,34
2017-02-21,Montgomery County,81,Wright City,62
2017-02-21,Lutheran St. Charles,51,Bowling Green,35
2017-02-21,Veritas Christian Academy,71,Winfield,41
2017-02-21,North Callaway,56,Missouri Military Academy,41
2017-02-21,Blair Oaks,68,Dixon,39
2017-02-21,St. James,53,Hermann,62
2017-02-21,Southern Boone,77,South Callaway,45
2017-02-21,Father Tolton,63,Fatima,52
2017-02-21,Licking,63,Willow Springs,29
2017-02-21,Liberty (Mountain View),75,Ava,44
2017-02-21,Fair Grove,83,Buffalo,44
2017-02-21,Strafford,65,Forsyth,63
2017-02-21,Clever,39,Hollister,27
2017-02-21,Springfield Catholic,70,Ash Grove,46
2017-02-21,Lamar,70,East Newton,31
2017-02-21,Seneca,66,Stockton,46
2017-02-21,Mt. Vernon,64,El Dorado Springs,35
2017-02-21,Butler,61,Diamond,50
2017-02-21,Boonville,68,Holden,25
2017-02-21,California,70,Knob Noster,47
2017-02-21,Versailles,52,Warsaw,45
2017-02-21,Cole Camp,56,Sherwood,45
2017-02-21,Hogan Prep Academy Charter,65,Frontier School of Excellence Charter,20
2017-02-21,Southeast,77,O'Hara,88
2017-02-21,Barstow,84,University Academy Charter,47
2017-02-21,Summit Christian Academy,78,Cristo Rey,56
2017-02-21,Richmond,53,Carrollton,58
2017-02-21,Lafayette County,85,Guadalupe Centers Charter,34
2017-02-21,St. Paul Lutheran (Concordia),63,Lexington,58
2017-02-21,Maryville,77,Brookfield,29
2017-02-21,Lathrop,35,Bishop LeBlond,43
2017-02-21,Penney,64,South Harrison,42
2017-02-21,Trenton,73,East Buchanan,49
2017-02-21,McDonald County,49,Aurora,72
2017-02-21,Rock Bridge,71,Battle,40
2017-02-21,Rockhurst,64,Blue Springs,66
2017-02-21,Willard,64,Branson,47
2017-02-21,Lebanon,71,Camdenton,57
2017-02-21,Chillicothe,69,Cameron,42
2017-02-21,Webb City,73,Carthage,53
2017-02-21,Monett,50,Cassville,59
2017-02-21,Clinton,57,Center,87
2017-02-21,Potosi,27,Central (Cape Girardeau),85
2017-02-21,Liberty North,42,Central (St. Joseph),69
2017-02-21,Ladue Horton Watkins,37,De Smet Jesuit,55
2017-02-21,Odessa,56,Excelsior Springs,50
2017-02-21,St. Charles West,60,Francis Howell North,56
2017-02-21,Holt,41,Ft. Zumwalt North,46
2017-02-21,Parkway West,44,Ft. Zumwalt West,65
2017-02-21,Moberly,58,Fulton,55
2017-02-21,Central (Springfield),75,Glendale,112
2017-02-21,Belton,45,Grandview,69
2017-02-21,Pleasant Hill,53,Harrisonville,55
2017-02-21,Parkway South,71,Hazelwood Central,75
2017-02-21,Mehlville,46,Hazelwood East,53
2017-02-21,Marquette,60,Hazelwood West,55
2017-02-21,North County,47,Hillsboro,72
2017-02-21,Winnetonka,42,Kearney,53
2017-02-21,Hillcrest,62,Kickapoo,79
2017-02-21,Blue Springs South,69,Lee's Summit North,83
2017-02-21,Lee's Summit,52,Lee's Summit West,70
2017-02-21,Ft. Zumwalt South,61,Liberty (Wentzville),62
2017-02-21,Kirksville,68,Marshall,57
2017-02-21,Logan-Rogersville,45,Marshfield,40
2017-02-21,Webster Groves,71,McCluer,62
2017-02-21,Lafayette (Wildwood),58,McCluer North,45
2017-02-21,Hannibal,59,Mexico,61
2017-02-21,Hickman,58,Miller Career Academy,70
2017-02-21,Smith-Cotton,51,Nevada,64
2017-02-21,Ruskin,60,North Kansas City,63
2017-02-21,Dexter,61,Notre Dame (Cape Girardeau),64
2017-02-21,Grain Valley,64,Oak Grove,48
2017-02-21,Eldon,42,Osage,72
2017-02-21,Sullivan,69,Owensville,37
2017-02-21,Republic,51,Ozark,43
2017-02-21,Rolla,66,Pacific,76
2017-02-21,Raymore-Peculiar,59,Park Hill,67
2017-02-21,Raytown,59,Park Hill South,68
2017-02-21,Timberland,49,Parkway Central,72
2017-02-21,Northwest (Cedar Hill),49,Parkway North,47
2017-02-21,Eureka,78,Pattonville,88
2017-02-21,Raytown South,82,Platte County,68
2017-02-21,St. Dominic,56,Priory,58
2017-02-21,Bolivar,72,Reeds Spring,43
2017-02-21,Lindbergh,81,Ritenour,65
2017-02-21,Oakville,48,Riverview Gardens,43
2017-02-21,Jackson,69,Sikeston,67
2017-02-21,Salem,46,St. Clair,52
2017-02-21,Warrensburg,55,St. Pius X (Kansas City),65
2017-02-21,Fort Osage,55,Staley,68
2017-02-21,Liberty,55,Truman,37
2017-02-21,Normandy Collaborative,57,Veritas Christian Academy,50
2017-02-21,St. Francis Borgia,46,Vianney,57
2017-02-21,Francis Howell Central,61,Warrenton,65
2017-02-21,McCluer,62,Webster Groves,71
2017-02-21,MICDS,66,Westminster Christian Academy,63
2017-02-21,Oak Park,69,William Chrisman,41
2017-02-22,Montrose,43,Bronaugh,42
2017-02-22,Drexel,44,Sheldon,48
2017-02-22,Hermitage,86,Lakeland,56
2017-02-22,Wheatland,66,Macks Creek,39
2017-02-22,Chamois,56,Madison,52
2017-02-22,Wellsville-Middletown,67,North Shelby,45
2017-02-22,Mercer,69,North Harrison,33
2017-02-22,Worth County,53,Pattonsburg,38
2017-02-22,Jefferson (Conception),42,Nodaway-Holt,30
2017-02-22,Mound City,60,South Nodaway with Jefferson (Conception),47
2017-02-22,Hartville,73,Plato,41
2017-02-22,Mansfield,72,Fordland,57
2017-02-22,McKinley Classical Leadership,40,New Haven,35
2017-02-22,Elsberry,49,Barat Academy,48
2017-02-22,Newburg,71,Crocker,58
2017-02-22,Iberia,56,Richland,55
2017-02-22,Whitfield,62,Principia,23
2017-02-22,Hancock,59,Valley Park,56
2017-02-22,Cardinal Ritter,58,Brentwood,24
2017-02-22,Carnahan,44,Maplewood-Richmond Hts.,53
2017-02-22,Transportation and Law,75,McCluer South-Berkeley,50
2017-02-22,Orchard Farm,53,Lutheran North,61
2017-02-22,Monroe City,62,Palmyra,47
2017-02-22,Hallsville,53,Clark County,51
2017-02-22,Lutheran South,60,Clayton,55
2017-02-22,Potosi,50,Festus,69
2017-02-22,Hazelwood West,55,Francis Howell,63
2017-02-22,Washington,36,Ft. Zumwalt East,38
2017-02-22,Vashon,64,Hazelwood Central,50
2017-02-22,Riverview Gardens,46,Jennings,74
2017-02-22,Francis Howell North,36,Parkway West,50
2017-02-22,John Burroughs,71,Windsor (Imperial),51
2017-02-23,Risco,52,Scott County Central,54
2017-02-23,South Iron,39,Eminence,55
2017-02-23,Walnut Grove,67,Greenfield,51
2017-02-23,Green Ridge,78,Northwest (Hughesville),63
2017-02-23,Leeton,58,Otterville,59
2017-02-23,Glasgow,76,Prairie Home,46
2017-02-23,Jamestown,30,St. Elizabeth,41
2017-02-23,Meadville,45,Brunswick,35
2017-02-23,Northwestern (Mendon),70,Keytesville,47
2017-02-23,Winston,67,Southwest (Livingston County) with Breckenridge,34
2017-02-23,Braymer,57,Hardin-Central,37
2017-02-23,North Andrew,55,King City,28
2017-02-23,South Holt,50,Stewartsville with Osborn,28
2017-02-23,Hayti,73,Campbell,35
2017-02-23,Oran,64,Scott City,31
2017-02-23,Thayer,49,Ellington,45
2017-02-23,Knox County,41,Clopton,56
2017-02-23,Louisiana,54,Scotland County,48
2017-02-23,Salisbury,65,La Plata,36
2017-02-23,Putnam County,57,Northeast (Cairo),55
2017-02-23,Eugene,62,New Bloomfield,46
2017-02-23,Harrisburg,75,Fayette,52
2017-02-23,Greenwood,46,Marion C. Early,41
2017-02-23,Fair Play,56,Skyline,54
2017-02-23,Marionville,57,Galena,51
2017-02-23,Crane,55,Billings,52
2017-02-23,McAuley Catholic,78,Southwest (Washburn),62
2017-02-23,Pierce City,68,Purdy,58
2017-02-23,Adrian,57,Crest Ridge,49
2017-02-23,Appleton City,39,Lockwood,59
2017-02-23,Sacred Heart,65,Sweet Springs,45
2017-02-23,Lincoln,77,Smithton,80
2017-02-23,Wellington-Napoleon,58,Lone Jack,40
2017-02-23,Santa Fe,61,Lutheran (Kansas City),51
2017-02-23,Stanberry,51,Plattsburg,39
2017-02-23,Mid-Buchanan,55,Maysville,34
2017-02-23,Charleston,52,Caruthersville,46
2017-02-23,Saxony Lutheran,96,Doniphan,66
2017-02-23,Central (Park Hills),58,West County,35
2017-02-23,Montgomery County,95,Lutheran St. Charles,79
2017-02-23,Veritas Christian Academy,48,North Callaway,32
2017-02-23,Blair Oaks,63,Hermann,52
2017-02-23,Southern Boone,53,Father Tolton,51
2017-02-23,Mountain Grove,63,Conway,62
2017-02-23,Licking,72,Liberty (Mountain View),40
2017-02-23,Fair Grove,77,Strafford,57
2017-02-23,Clever,74,Springfield Catholic,86
2017-02-23,Boonville,60,California,65
2017-02-23,Versailles,57,Cole Camp,76
2017-02-23,Hogan Prep Academy Charter,101,O'Hara,52
2017-02-23,Barstow,74,Summit Christian Academy,64
2017-02-23,Lawson,66,Carrollton,24
2017-02-23,Lafayette County,64,St. Paul Lutheran (Concordia),59
2017-02-23,Maryville,64,Bishop LeBlond,34
2017-02-23,Penney,72,Trenton,63
2017-02-23,Dexter,38,Central (Cape Girardeau),71
2017-02-23,McCluer,73,Confluence Prep Academy Charter,54
2017-02-23,Vianney,53,De Smet Jesuit,49
2017-02-23,Oak Grove,42,Excelsior Springs,52
2017-02-23,Pacific,58,Farmington,52
2017-02-23,Mehlville,77,Fox,63
2017-02-23,Mehlville,77,Fox,63
2017-02-23,McCluer North,62,Ft. Zumwalt North,47
2017-02-23,Pleasant Hill,45,Grain Valley,43
2017-02-23,Odessa,49,Harrisonville,47
2017-02-23,Fulton,43,Kirksville,55
2017-02-23,Van Horn,29,Lafayette (St. Joseph),73
2017-02-23,Marquette,39,Lindbergh,51
2017-02-23,Willard,44,Logan-Rogersville,32
2017-02-23,Hartville,78,Marshfield,50
2017-02-23,Carl Junction,59,McDonald County,50
2017-02-23,Marshall,38,Moberly,57
2017-02-23,Nixa,79,Neosho,48
2017-02-23,Lafayette (Wildwood),56,Northwest (Cedar Hill),51
2017-02-23,Harrisonville,47,Odessa,49
2017-02-23,Bolivar,48,Ozark,54
2017-02-23,MICDS,64,Priory,45
2017-02-23,Winnetonka,59,Raytown South,75
2017-02-23,Carthage,29,Republic,64
2017-02-23,Waynesville,40,Rolla,71
2017-02-23,Oak Park,80,Smithville,51
2017-02-23,St. Mary's South Side,61,St. Francis Borgia,53
2017-02-23,Benton,65,Staley,53
2017-02-23,Perryville,58,Ste. Genevieve,73
2017-02-23,Pattonville,67,Timberland,58
2017-02-23,Raytown,66,Truman,61
2017-02-23,De Smet Jesuit,49,Vianney,53
2017-02-23,St. Charles,54,Warrenton,44
2017-02-23,Central (Springfield),71,West Plains,58
2017-02-24,Advance,89,Bell City,68
2017-02-24,Bradleyville,77,Dora,44
2017-02-24,Montrose,48,Sheldon,39
2017-02-24,Hermitage,62,Wheatland,52
2017-02-24,Green Ridge,72,Otterville,63
2017-02-24,Chamois,70,Wellsville-Middletown,63
2017-02-24,Novinger,50,Linn County,55
2017-02-24,Mercer,58,Worth County,67
2017-02-24,Jefferson (Conception),46,Mound City,45
2017-02-24,Hartville,53,Mansfield,42
2017-02-24,McKinley Classical Leadership,39,Elsberry,61
2017-02-24,Newburg,47,Iberia,53
2017-02-24,Marionville,49,Crane,50
2017-02-24,McAuley Catholic,63,Pierce City,77
2017-02-24,Cardinal Ritter,53,Maplewood-Richmond Hts.,43
2017-02-24,Transportation and Law,81,Lutheran North,54
2017-02-24,Lamar,72,Seneca,63
2017-02-24,Mt. Vernon,71,Butler,62
2017-02-24,Hogan Prep Academy Charter,81,Barstow,62
2017-02-24,Lawson,58,Lafayette County,40
2017-02-24,Blue Springs,67,Blue Springs South,73
2017-02-24,Nevada,58,Center,55
2017-02-24,Holt,67,Francis Howell Central,64
2017-02-24,Francis Howell North,54,Ft. Zumwalt West,64
2017-02-24,Lee's Summit North,64,Grandview,76
2017-02-24,Savannah,45,Harrisonville,51
2017-02-24,Rock Bridge,71,Helias Catholic,56
2017-02-24,Ft. Zumwalt North,67,Hickman,88
2017-02-24,Hazelwood Central,78,Kickapoo,85
2017-02-24,Webster Groves,78,Kirkwood,65
2017-02-24,Raymore-Peculiar,44,Lee's Summit,60
2017-02-24,Central (St. Joseph),50,Liberty,52
2017-02-24,Kearney,54,Liberty North,55
2017-02-24,Fulton,65,Mexico,57
2017-02-24,Center,55,Nevada,58
2017-02-24,Parkway North,21,Parkway Central,45
2017-02-24,Jefferson City,56,Rockhurst,58
2017-02-24,Francis Howell,57,Timberland,45
2017-02-24,Potosi,48,Union,55
2017-02-24,Smith-Cotton,83,Warrensburg,78
2017-02-24,Clayton,51,Westminster Christian Academy,57
2017-02-25,Glasgow,58,St. Elizabeth,52
2017-02-25,Meadville,57,Northwestern (Mendon),52
2017-02-25,Winston,43,Braymer,55
2017-02-25,North Andrew,78,South Holt,62
2017-02-25,Louisiana,45,Clopton,59
2017-02-25,Salisbury,76,Putnam County,46
2017-02-25,Eugene,75,Harrisburg,91
2017-02-25,Greenwood,60,Fair Play,50
2017-02-25,Adrian,49,Lockwood,68
2017-02-25,Sacred Heart,64,Smithton,38
2017-02-25,Wellington-Napoleon,58,Santa Fe,44
2017-02-25,Stanberry,38,Mid-Buchanan,51
2017-02-25,Whitfield,76,Hancock,47
2017-02-25,Montgomery County,62,Veritas Christian Academy,54
2017-02-25,Monroe City,61,Hallsville,58
2017-02-25,Blair Oaks,54,Southern Boone,67
2017-02-25,Mountain Grove,77,Licking,65
2017-02-25,Fair Grove,66,Springfield Catholic,58
2017-02-25,Lamar,63,Mt. Vernon,57
2017-02-25,Cole Camp,63,California,57
2017-02-25,Maryville,67,Penney,60
2017-02-25,Dexter,69,Perryville,57
2017-02-25,Notre Dame (Cape Girardeau),52,Ste. Genevieve,42
2017-02-25,North County,62,Potosi,73
2017-02-25,DeSoto,66,Festus,54
2017-02-25,Lutheran South,71,Affton,76
2017-02-25,Gateway,59,Windsor (Imperial),73
2017-02-25,University City,71,Normandy Collaborative,63
2017-02-25,Soldan International Studies,48,Clayton,56
2017-02-25,Priory,53,John Burroughs,42
2017-02-25,Westminster Christian Academy,66,Parkway North,52
2017-02-25,Pacific,64,Union,16
2017-02-25,St. Francis Borgia,62,St. Clair,44
2017-02-25,Salem,69,Owensville,66
2017-02-25,Osage,67,Eldon,36
2017-02-25,Oak Grove,63,Odessa,61
2017-02-25,Moberly,49,Marshall,46
2017-02-25,Chillicothe,46,Kirksville,44
2017-02-25,Savannah,55,Cameron,35
2017-02-25,Northwest (Cedar Hill),53,Seckman,59
2017-02-25,Francis Howell North,50,Hazelwood West,58
2017-02-25,Ritenour,77,Hazelwood East,71
2017-02-25,Washington,49,Marquette,53
2017-02-25,Kirkwood,56,Rockwood Summit,52
2017-02-25,Oakville,44,Mehlville,49
2017-02-25,Waynesville,68,Camdenton,37
2017-02-25,Parkview,75,Branson,59
2017-02-25,Joplin,64,Carthage,40
2017-02-25,Staley,65,Winnetonka,55
2017-02-25,Logan-Rogersville,46,Marshfield,33
2017-02-27,Sikeston,56,Dexter,54
2017-02-27,Central (Cape Girardeau),64,Notre Dame (Cape Girardeau),53
2017-02-27,Vashon,89,University City,32
2017-02-27,Miller Career Academy,53,Clayton,56
2017-02-27,Hannibal,50,Mexico,44
2017-02-27,Warrenton,54,St. Dominic,60
2017-02-27,Reeds Spring,51,Marshfield,46
2017-02-27,Logan-Rogersville,70,West Plains,51
2017-02-27,Clinton,62,Pleasant Hill,55
2017-02-27,Warrensburg,60,Harrisonville,52
2017-02-27,Van Horn,51,East (Kansas City),50
2017-02-27,Lincoln College Prep,60,Central (Kansas City),34
2017-02-27,Ft. Zumwalt North,54,Francis Howell Central,60
2017-02-27,Blue Springs South,68,Smith-Cotton,47
2017-02-27,Kickapoo,67,Parkview,49
2017-02-27,Glendale,76,Ozark,77
2017-02-27,Raymore-Peculiar,43,Lee's Summit,53
2017-02-27,Rockhurst,86,Ruskin,55
2017-02-27,William Chrisman,46,Truman,40
2017-02-27,Laquey,56,Niangua,29
2017-02-28,Advance,79,Scott County Central,60
2017-02-28,Bradleyville,69,Eminence,75
2017-02-28,Worth County,52,Braymer,43
2017-02-28,Jefferson (Conception),50,North Andrew,55
2017-02-28,Montrose,51,Walnut Grove,69
2017-02-28,Green Ridge,53,Hermitage,69
2017-02-28,Chamois,34,Glasgow,46
2017-02-28,Meadville,56,Linn County,49
2017-02-28,Farmington,82,Potosi,61
2017-02-28,Hillsboro,66,DeSoto,43
2017-02-28,St. Mary's South Side,81,Affton,54
2017-02-28,Confluence Prep Academy Charter,95,Windsor (Imperial),63
2017-02-28,Parkway Central,52,Priory,46
2017-02-28,MICDS,65,Westminster Christian Academy,58
2017-02-28,Sullivan,68,Pacific,66
2017-02-28,Parkway West,44,St. Francis Borgia,61
2017-02-28,St. Charles West,56,Ft. Zumwalt East,53
2017-02-28,St. Charles,83,Riverview Gardens,57
2017-02-28,Liberty (Wentzville),65,Hannibal,38
2017-02-28,Fulton,63,St. Dominic,43
2017-02-28,Cassville,43,McDonald County,47
2017-02-28,Carl Junction,70,Monett,46
2017-02-28,Helias Catholic,56,Salem,41
2017-02-28,Rolla,80,Osage,68
2017-02-28,Grandview,79,Clinton,57
2017-02-28,Nevada,51,Warrensburg,42
2017-02-28,Grain Valley,49,Oak Grove,38
2017-02-28,Raytown South,70,Moberly,56
2017-02-28,St. Pius X (Kansas City),43,Excelsior Springs,46
2017-02-28,Northeast (Kansas City),66,Smithville,41
2017-02-28,Lafayette (St. Joseph),71,Chillicothe,54
2017-02-28,Benton,54,Savannah,45
2017-02-28,Poplar Bluff,77,Seckman,56
2017-02-28,Jackson,70,Fox,54
2017-02-28,Timberland,62,Francis Howell Central,48
2017-02-28,Ft. Zumwalt West,58,Ft. Zumwalt South,54
2017-02-28,Pattonville,64,Hazelwood West,57
2017-02-28,Hazelwood Central,68,McCluer North,51
2017-02-28,SLUH,81,Ritenour,47
2017-02-28,Chaminade College Prep,77,Ladue Horton Watkins,48
2017-02-28,Francis Howell,45,Marquette,44
2017-02-28,Lafayette (Wildwood),57,Eureka,51
2017-02-28,Christian Brothers College,67,Kirkwood,41
2017-02-28,Parkway South,54,De Smet Jesuit,56
2017-02-28,Webster Groves,65,Mehlville,33
2017-02-28,Lindbergh,51,Vianney,65
2017-02-28,Troy Buchanan,51,Jefferson City,59
2017-02-28,Holt,54,Battle,69
2017-02-28,Willard,53,Waynesville,37
2017-02-28,Lebanon,65,Central (Springfield),54
2017-02-28,Republic,67,Joplin,43
2017-02-28,Nixa,57,Neosho,37
2017-02-28,Lee's Summit West,61,Lee's Summit,42
2017-02-28,Belton,60,Lee's Summit North,64
2017-02-28,Park Hill,61,Staley,49
2017-02-28,Oak Park,44,Central (St. Joseph),39
2017-03-01,Oran,53,Hayti,47
2017-03-01,Hartville,40,Thayer,37
2017-03-01,Sacred Heart,62,Lockwood,40
2017-03-01,Mid-Buchanan,42,Wellington-Napoleon,50
2017-03-01,Clopton,43,Elsberry,41
2017-03-01,Harrisburg,80,Salisbury,70
2017-03-01,Greenwood,73,Iberia,70
2017-03-01,Pierce City,42,Crane,65
2017-03-01,Saxony Lutheran,81,Charleston,68
2017-03-01,Whitfield,74,Central (Park Hills),57
2017-03-01,Hogan Prep Academy Charter,78,Cole Camp,40
2017-03-01,Maryville,65,Lawson,63
2017-03-01,Transportation and Law,72,Cardinal Ritter,70
2017-03-01,Monroe City,70,Montgomery County,90
2017-03-01,Mountain Grove,72,Southern Boone,68
2017-03-01,Lamar,56,Fair Grove,63
2017-03-02,Sikeston,76,Central (Cape Girardeau),55
2017-03-02,Vashon,65,Clayton,34
2017-03-02,Jennings,63,St. Charles West,38
2017-03-02,McCluer,42,St. Charles,44
2017-03-02,Bolivar,69,Reeds Spring,37
2017-03-02,Hillcrest,73,Logan-Rogersville,56
2017-03-02,Aurora,58,McDonald County,26
2017-03-02,Webb City,64,Carl Junction,59
2017-03-02,Helias Catholic,63,Rolla,50
2017-03-02,Center,82,Van Horn,50
2017-03-02,Pembroke Hill,40,Lincoln College Prep,50
2017-03-02,Poplar Bluff,73,Jackson,75
2017-03-02,Christian Brothers College,54,De Smet Jesuit,38
2017-03-02,Battle,85,Jefferson City,69
2017-03-02,Rock Bridge,57,Blue Springs South,56
2017-03-02,Blue Springs,69,Hickman,62
2017-03-02,Kickapoo,52,Ozark,41
2017-03-02,Raytown,39,Rockhurst,37
2017-03-02,Park Hill South,39,North Kansas City,51
2017-03-02,Liberty,54,William Chrisman,36
2017-03-02,Liberty North,59,Fort Osage,58
2017-03-03,North Andrew,54,Worth County,41
2017-03-03,Farmington,38,Hillsboro,39
2017-03-03,St. Mary's South Side,89,Confluence Prep Academy Charter,72
2017-03-03,Parkway Central,55,MICDS,43
2017-03-03,Sullivan,45,St. Francis Borgia,68
2017-03-03,Liberty (Wentzville),62,Fulton,50
2017-03-03,Grandview,72,Nevada,45
2017-03-03,Grain Valley,60,Raytown South,77
2017-03-03,Kearney,64,Excelsior Springs,36
2017-03-03,Platte County,49,Northeast (Kansas City),46
2017-03-03,Lafayette (St. Joseph),46,Benton,35
2017-03-03,Timberland,55,Ft. Zumwalt West,61
2017-03-03,Pattonville,66,Hazelwood Central,63
2017-03-03,SLUH,53,Chaminade College Prep,62
2017-03-03,Francis Howell,55,Lafayette (Wildwood),58
2017-03-03,Webster Groves,57,Vianney,41
2017-03-03,Willard,53,Lebanon,41
2017-03-03,Republic,48,Nixa,52
2017-03-03,Lee's Summit West,71,Lee's Summit North,57
2017-03-03,Park Hill,64,Oak Park,41
2017-03-04,Eminence,58,Advance,75
2017-03-04,Hermitage,67,Walnut Grove,75
2017-03-04,Meadville,38,Glasgow,49
2017-03-04,Hartville,52,Oran,55
2017-03-04,Wellington-Napoleon,66,Sacred Heart,69
2017-03-04,Harrisburg,58,Clopton,57
2017-03-04,Crane,49,Greenwood,48
2017-03-04,Whitfield,66,Saxony Lutheran,47
2017-03-04,Maryville,61,Hogan Prep Academy Charter,69
2017-03-04,Montgomery County,53,Transportation and Law,65
2017-03-04,Fair Grove,49,Mountain Grove,50
2017-03-04,Jennings,66,St. Charles,52
2017-03-04,Bolivar,48,Hillcrest,44
2017-03-04,Aurora,41,Webb City,64
2017-03-04,Center,71,Lincoln College Prep,58
2017-03-04,Kearney,57,Platte County,43
2017-03-04,Rock Bridge,81,Blue Springs,46
2017-03-04,Raytown,69,North Kansas City,80
2017-03-04,Liberty,67,Liberty North,54
2017-03-07,Hillsboro,56,Sikeston,70
2017-03-07,Vashon,72,St. Mary's South Side,68
2017-03-07,Center,56,Raytown South,64
2017-03-07,Lafayette (St. Joseph),74,Kearney,82
2017-03-07,St. Francis Borgia,68,Parkway Central,70
2017-03-07,Liberty (Wentzville),54,Jennings,56
2017-03-07,Webb City,42,Bolivar,63
2017-03-07,Grandview,55,Helias Catholic,51
2017-03-08,Ft. Zumwalt West,53,Jackson,67
2017-03-08,Chaminade College Prep,90,Pattonville,75
2017-03-08,North Kansas City,57,Lee's Summit West,59
2017-03-08,Park Hill,45,Liberty,57
2017-03-08,Christian Brothers College,78,Lafayette (Wildwood),51
2017-03-08,Battle,46,Webster Groves,84
2017-03-08,Willard,37,Rock Bridge,66
2017-03-08,Nixa,46,Kickapoo,79
2017-03-09,North Andrew,78,Advance,88
2017-03-09,Glasgow,63,Walnut Grove,69
2017-03-09,Sacred Heart,59,Oran,64
2017-03-09,Crane,59,Harrisburg,51
2017-03-09,Hogan Prep Academy Charter,70,Whitfield,79
2017-03-09,Mountain Grove,72,Transportation and Law,79
2017-03-10,Glasgow,56,North Andrew,60
2017-03-10,Harrisburg,70,Sacred Heart,63
2017-03-10,Mountain Grove,76,Hogan Prep Academy Charter,86
2017-03-11,Walnut Grove,65,Advance,62
2017-03-11,Crane,63,Oran,70
2017-03-11,Transportation and Law,78,Whitfield,68
2017-03-11,Vashon,62,Sikeston,53
2017-03-11,Kearney,59,Raytown South,53
2017-03-11,Jennings,48,Parkway Central,66
2017-03-11,Grandview,52,Bolivar,59
2017-03-11,Chaminade College Prep,79,Jackson,46
2017-03-11,Liberty,50,Lee's Summit West,66
2017-03-11,Webster Groves,76,Christian Brothers College,57
2017-03-11,Kickapoo,71,Rock Bridge,65
2017-03-16,Kearney,42,Vashon,58
2017-03-16,Bolivar,63,Parkway Central,41
2017-03-17,Parkway Central,40,Kearney,50
2017-03-17,Lee's Summit West,74,Chaminade College Prep,69
2017-03-17,Kickapoo,57,Webster Groves,58
2017-03-18,Bolivar,32,Vashon,44
2017-03-18,Webster Groves,70,Lee's Summit West,35
2017-03-18,Kickapoo,89,Chaminade College Prep,78
